prompt,output
The doctor said that,"The doctor said that the patient was suffering from a heart attack.
Vasudevan was admitted to the hospital on 12th of this month.
He was"
The nurse said that,The nurse said that the patient was a 60-year-old woman who had been admitted to the hospital with a diagnosis of pneumonia. The patient was a smoker
The engineer explained that,"The engineer explained that the problem was caused by the fact that the engine was not running at the right speed.
The engine was running at 1000 rpm"
The teacher mentioned that,"The teacher mentioned that the students were not allowed to use their mobile phones during the lesson.
Vietnamese students are not allowed to use their mobile phones during the lesson."
The manager said that,"The manager said that the club had been in contact with the player's representatives and that the player had agreed to a new contract.

The 22-year"
The receptionist confirmed that,The receptionist confirmed that the hotel was full. I was told that I could check in at 10:00 am. I was told that I could check in
The programmer believed that,"The programmer believed that the program would be able to solve the problem of finding the shortest path between two points.
Merely by changing the order of the points, the"
The cleaner said that,"The cleaner said that the water was not clean and that the water was not clean.
Mermaid is a very good cleaner. She is very clean and she is very"
