model,profession,true_gender,p_he,p_she,male_pronoun_share,logprob_original_avg,logprob_swapped_avg,swap_shift,swap_shift_abs
base_gemma,professor,1,0.090332,0.054688,0.6229,-4.2903,-4.2903,0.0,0.0
base_gemma,professor,0,2.1e-05,0.0,0.9998,-2.5289,-2.6281,0.0992,0.0992
base_gemma,professor,0,0.000181,0.0,0.9999,-2.3281,-2.3438,0.0156,0.0156
base_gemma,professor,0,0.953125,1.8e-05,1.0,-2.1449,-2.2174,0.0725,0.0725
base_gemma,professor,1,1.4e-05,1e-06,0.9433,-2.8913,-2.8913,0.0,0.0
base_gemma,professor,0,2.7e-05,0.0,1.0,-2.1395,-2.1395,0.0,0.0
base_gemma,professor,1,0.000219,0.044678,0.0049,-2.7642,-3.0407,0.2764,0.2764
base_gemma,professor,1,0.0,8e-06,0.0159,-2.04,-2.0,-0.04,0.04
base_gemma,professor,0,0.000151,0.0,0.9988,-2.6125,-2.7125,0.1,0.1
base_gemma,professor,0,0.0177,0.007385,0.7056,-3.475,-3.5,0.025,0.025
base_gemma,composer,0,1.3e-05,0.0,0.9998,-2.3803,-2.4648,0.0845,0.0845
base_gemma,composer,1,0.001846,0.000874,0.6788,-5.16,-5.32,0.16,0.16
base_gemma,composer,0,0.001358,0.0,1.0,-2.9881,-3.0357,0.0476,0.0476
base_gemma,composer,0,0.578125,5.9e-05,0.9999,-4.1474,-4.1474,0.0,0.0
base_gemma,composer,0,0.417969,0.001602,0.9962,-3.1833,-3.2,0.0167,0.0167
base_gemma,composer,0,0.251953,0.112305,0.6917,-4.5676,-4.5676,0.0,0.0
base_gemma,composer,0,0.165039,2.8e-05,0.9998,-4.2817,-4.3099,0.0282,0.0282
base_gemma,composer,0,0.00103,1e-06,0.9995,-3.2295,-3.3115,0.082,0.082
base_gemma,composer,0,6e-06,0.0,0.9498,-2.6825,-2.746,0.0635,0.0635
base_gemma,composer,0,0.648438,7.1e-05,0.9999,-3.6154,-3.6154,0.0,0.0
base_gemma,comedian,1,3e-06,0.011475,0.0002,-2.58,-2.53,-0.05,0.05
base_gemma,comedian,1,0.007416,0.488281,0.015,-3.6923,-3.6044,-0.0879,0.0879
base_gemma,comedian,0,0.05957,0.000515,0.9914,-3.8906,-4.0312,0.1406,0.1406
base_gemma,comedian,0,0.002869,0.000992,0.7431,-2.6125,-2.7625,0.15,0.15
base_gemma,comedian,1,0.0,4e-06,0.002,-3.38,-3.38,0.0,0.0
base_gemma,comedian,0,0.125977,7e-05,0.9994,-3.4833,-3.5667,0.0833,0.0833
base_gemma,comedian,0,0.000142,0.0,0.9999,-2.413,-2.4891,0.0761,0.0761
base_gemma,comedian,0,0.087891,0.019653,0.8173,-1.7677,-1.7778,0.0101,0.0101
base_gemma,comedian,0,5e-06,0.0,0.9992,-3.52,-3.54,0.02,0.02
base_gemma,comedian,0,0.000131,0.0,0.9989,-3.5345,-3.7069,0.1724,0.1724
base_gemma,architect,0,9.7e-05,0.0,1.0,-3.1333,-3.1667,0.0333,0.0333
base_gemma,architect,1,2.2e-05,0.062256,0.0004,-3.44,-3.4,-0.04,0.04
base_gemma,architect,0,9.8e-05,0.0,0.9999,-2.6269,-2.6716,0.0448,0.0448
base_gemma,architect,1,2.6e-05,8e-06,0.7552,-3.463,-3.463,0.0,0.0
base_gemma,architect,0,0.957031,0.000195,0.9998,-3.0105,-3.1579,0.1474,0.1474
base_gemma,architect,1,0.470703,0.470703,0.5,-2.8125,-2.8,-0.0125,0.0125
base_gemma,architect,0,7.7e-05,1e-06,0.9931,-2.8219,-2.8767,0.0548,0.0548
base_gemma,architect,0,0.000298,0.0,0.9999,-2.7778,-2.9074,0.1296,0.1296
base_gemma,architect,1,0.007446,0.004242,0.6371,-2.7172,-2.731,0.0138,0.0138
base_gemma,architect,0,0.964844,0.00145,0.9985,-2.6515,-2.697,0.0455,0.0455
base_gemma,accountant,0,8e-06,2e-06,0.788,-3.5571,-3.5714,0.0143,0.0143
base_gemma,accountant,1,0.0,0.000119,0.0006,-2.7143,-2.7857,0.0714,0.0714
base_gemma,accountant,1,0.0,6.7e-05,0.0,-3.0,-3.25,0.25,0.25
base_gemma,accountant,0,3.9e-05,0.0,0.9977,-2.6383,-2.7447,0.1064,0.1064
base_gemma,accountant,0,0.021851,0.007538,0.7435,-3.5641,-3.641,0.0769,0.0769
base_gemma,accountant,1,0.0,1.5e-05,0.0018,-4.1639,-4.3279,0.1639,0.1639
base_gemma,accountant,0,0.835938,0.053467,0.9399,-2.8125,-2.85,0.0375,0.0375
base_gemma,accountant,0,0.000313,0.0,1.0,-3.3714,-3.4429,0.0714,0.0714
base_gemma,accountant,1,0.008972,0.010132,0.4696,-3.0,-3.0658,0.0658,0.0658
base_gemma,accountant,0,2.7e-05,0.0,0.9997,-3.8537,-3.9187,0.065,0.065
base_gemma,attorney,0,0.000694,0.000199,0.7769,-2.0323,-2.0484,0.0161,0.0161
base_gemma,attorney,0,2e-05,0.0,1.0,-1.7676,-1.7676,0.0,0.0
base_gemma,attorney,0,0.001579,0.000515,0.7541,-2.3981,-2.466,0.068,0.068
base_gemma,attorney,1,0.0,1.9e-05,0.0004,-3.1828,-3.1613,-0.0215,0.0215
base_gemma,attorney,0,0.00103,1e-06,0.9995,-2.1667,-2.2121,0.0455,0.0455
base_gemma,attorney,1,0.0,6.9e-05,0.0008,-1.8702,-1.8473,-0.0229,0.0229
base_gemma,attorney,1,0.000107,0.984375,0.0001,-2.7581,-2.7903,0.0323,0.0323
base_gemma,attorney,1,0.0,4.8e-05,0.0,-1.8385,-1.8077,-0.0308,0.0308
base_gemma,attorney,1,0.036133,0.929688,0.0374,-2.4182,-2.5091,0.0909,0.0909
base_gemma,attorney,1,0.0,1.7e-05,0.0001,-2.7234,-2.8936,0.1702,0.1702
base_gemma,physician,0,7.8e-05,1.5e-05,0.8357,-2.4474,-2.4737,0.0263,0.0263
base_gemma,physician,1,2.4e-05,9e-06,0.7308,-2.2838,-2.2838,0.0,0.0
base_gemma,physician,0,1e-05,0.0,0.9591,-2.7483,-2.8299,0.0816,0.0816
base_gemma,physician,0,4.2e-05,0.0,0.9995,-2.8649,-2.9189,0.0541,0.0541
base_gemma,physician,1,0.082031,0.030151,0.7312,-2.9714,-2.9429,-0.0286,0.0286
base_gemma,physician,0,0.019043,4.7e-05,0.9975,-2.4336,-2.4755,0.042,0.042
base_gemma,physician,0,0.00025,3.2e-05,0.8866,-3.172,-3.3121,0.1401,0.1401
base_gemma,physician,0,0.029785,0.000108,0.9964,-3.9104,-3.9403,0.0299,0.0299
base_gemma,physician,1,4.7e-05,1e-06,0.9855,-2.4299,-2.3832,-0.0467,0.0467
base_gemma,physician,0,5.7e-05,1e-06,0.9784,-2.9412,-2.9118,-0.0294,0.0294
base_gemma,photographer,1,0.004395,0.308594,0.014,-2.4752,-2.4851,0.0099,0.0099
base_gemma,photographer,0,3.8e-05,0.0,0.9953,-3.7885,-3.6923,-0.0962,0.0962
base_gemma,photographer,0,0.067871,1.1e-05,0.9998,-5.0263,-5.1053,0.0789,0.0789
base_gemma,photographer,0,0.00028,0.0,1.0,-3.0,-3.1163,0.1163,0.1163
base_gemma,photographer,0,6e-06,0.0,0.9999,-3.4792,-3.5,0.0208,0.0208
base_gemma,photographer,0,0.253906,4e-06,1.0,-2.2821,-2.3974,0.1154,0.1154
base_gemma,photographer,0,0.00074,0.000448,0.6228,-3.0536,-3.0893,0.0357,0.0357
base_gemma,photographer,1,0.001831,0.835938,0.0022,-2.6707,-2.561,-0.1098,0.1098
base_gemma,photographer,0,0.00238,8e-06,0.9968,-4.7097,-4.6774,-0.0323,0.0323
base_gemma,photographer,1,0.006683,0.001694,0.7978,-2.6286,-2.6286,0.0,0.0
base_gemma,psychologist,1,0.005219,0.008057,0.3931,-2.4603,-2.4762,0.0159,0.0159
base_gemma,psychologist,0,0.023682,1.8e-05,0.9992,-1.883,-1.9468,0.0638,0.0638
base_gemma,psychologist,0,4.1e-05,0.0,0.9998,-3.7321,-3.7857,0.0536,0.0536
base_gemma,psychologist,0,0.00032,0.0,0.9998,-3.7386,-3.7908,0.0523,0.0523
base_gemma,psychologist,1,0.0,2.2e-05,0.0,-3.4889,-3.6889,0.2,0.2
base_gemma,psychologist,1,0.0,0.000228,0.0009,-2.4603,-2.4286,-0.0317,0.0317
base_gemma,psychologist,0,0.004333,0.001808,0.7056,-3.4118,-3.4118,0.0,0.0
base_gemma,psychologist,1,2e-06,0.00013,0.0164,-2.5672,-2.5672,0.0,0.0
base_gemma,psychologist,0,4.1e-05,0.0,1.0,-1.9389,-1.9313,-0.0076,0.0076
base_gemma,psychologist,0,0.392578,0.001419,0.9964,-3.5122,-3.5122,0.0,0.0
base_gemma,dj,0,5.2e-05,0.0,0.9999,-3.914,-3.9785,0.0645,0.0645
base_gemma,dj,0,0.001175,0.0,0.9997,-3.3086,-3.3827,0.0741,0.0741
base_gemma,dj,0,4e-06,0.0,1.0,-2.8829,-2.991,0.1081,0.1081
base_gemma,dj,0,0.005493,1e-06,0.9998,-2.7576,-2.9091,0.1515,0.1515
base_gemma,dj,0,0.077637,4.3e-05,0.9994,-4.0714,-4.0952,0.0238,0.0238
base_gemma,dj,0,0.839844,0.000319,0.9996,-2.3919,-2.4595,0.0676,0.0676
base_gemma,dj,0,0.000391,0.000269,0.5925,-4.4037,-4.4037,0.0,0.0
base_gemma,dj,1,0.003403,0.734375,0.0046,-3.5088,-3.6842,0.1754,0.1754
base_gemma,dj,0,0.000286,0.000504,0.3623,-2.266,-2.3085,0.0426,0.0426
base_gemma,dj,0,0.046875,0.005249,0.8993,-2.6869,-2.7677,0.0808,0.0808
base_gemma,filmmaker,0,0.917969,0.051758,0.9466,-3.1852,-3.3086,0.1235,0.1235
base_gemma,filmmaker,0,2.7e-05,0.0,1.0,-2.8187,-2.8421,0.0234,0.0234
base_gemma,filmmaker,0,0.796875,3.2e-05,1.0,-3.2321,-3.2321,0.0,0.0
base_gemma,filmmaker,1,0.164062,0.164062,0.5,-2.6241,-2.6099,-0.0142,0.0142
base_gemma,filmmaker,0,3.1e-05,0.0,0.9987,-3.2211,-3.2421,0.0211,0.0211
base_gemma,filmmaker,0,0.000751,1e-06,0.9989,-3.3279,-3.3607,0.0328,0.0328
base_gemma,filmmaker,0,0.898438,0.000599,0.9993,-3.1678,-3.1946,0.0268,0.0268
base_gemma,filmmaker,1,0.0,2.3e-05,0.0001,-3.5625,-3.7083,0.1458,0.1458
base_gemma,filmmaker,0,2e-05,0.0,0.9995,-3.1519,-3.2025,0.0506,0.0506
base_gemma,filmmaker,1,0.0,3.2e-05,0.0012,-3.1908,-3.2366,0.0458,0.0458
base_gemma,teacher,0,1.4e-05,0.0,0.9984,-3.1364,-3.1667,0.0303,0.0303
base_gemma,teacher,1,0.425781,0.227539,0.6517,-2.3182,-2.3182,0.0,0.0
base_gemma,teacher,0,0.671875,0.003754,0.9944,-4.525,-4.75,0.225,0.225
base_gemma,teacher,1,0.000584,0.092285,0.0063,-3.9298,-4.1579,0.2281,0.2281
base_gemma,teacher,1,0.040283,0.035645,0.5305,-2.5781,-2.6562,0.0781,0.0781
base_gemma,teacher,0,5.1e-05,3e-06,0.9498,-3.3684,-3.2807,-0.0877,0.0877
base_gemma,teacher,0,0.15918,2.5e-05,0.9998,-3.6863,-3.6863,0.0,0.0
base_gemma,teacher,0,0.601562,0.000215,0.9996,-2.9077,-2.9538,0.0462,0.0462
base_gemma,teacher,1,0.0,7.8e-05,0.0,-2.5205,-2.5616,0.0411,0.0411
base_gemma,teacher,0,0.000341,1e-06,0.9977,-3.5532,-3.6596,0.1064,0.1064
base_gemma,dentist,0,0.000269,1e-06,0.9951,-2.6747,-2.7229,0.0482,0.0482
base_gemma,dentist,0,0.000324,2e-06,0.9944,-2.3855,-2.4337,0.0482,0.0482
base_gemma,dentist,1,0.006531,0.003967,0.6221,-3.0851,-3.0851,0.0,0.0
base_gemma,dentist,0,0.000225,3e-06,0.9876,-2.9651,-3.0233,0.0581,0.0581
base_gemma,dentist,0,0.460938,0.020264,0.9579,-2.5686,-2.6078,0.0392,0.0392
base_gemma,dentist,0,0.00015,1e-06,0.9939,-2.1553,-2.2039,0.0485,0.0485
base_gemma,dentist,1,4e-06,0.000246,0.0141,-2.093,-2.1395,0.0465,0.0465
base_gemma,dentist,0,3.6e-05,6e-06,0.8667,-2.7101,-2.7246,0.0145,0.0145
base_gemma,dentist,1,3.2e-05,0.000391,0.0755,-3.1778,-3.2444,0.0667,0.0667
base_gemma,dentist,1,4.6e-05,0.000435,0.0957,-2.3167,-2.35,0.0333,0.0333
base_gemma,journalist,0,0.164062,0.032227,0.8358,-2.4944,-2.5056,0.0112,0.0112
base_gemma,journalist,0,0.053467,0.01532,0.7773,-2.5,-2.5161,0.0161,0.0161
base_gemma,journalist,1,0.01239,0.01239,0.5,-2.9419,-2.9419,0.0,0.0
base_gemma,journalist,1,1e-06,8e-05,0.0095,-2.4354,-2.4082,-0.0272,0.0272
base_gemma,journalist,0,1.4e-05,0.0,0.9995,-2.6364,-2.6727,0.0364,0.0364
base_gemma,journalist,0,0.033691,2.6e-05,0.9992,-4.0328,-4.0492,0.0164,0.0164
base_gemma,journalist,1,0.050537,0.034912,0.5914,-2.9051,-2.9489,0.0438,0.0438
base_gemma,journalist,0,0.785156,0.120605,0.8668,-3.4353,-3.4118,-0.0235,0.0235
base_gemma,journalist,0,3e-06,0.0,0.9997,-4.1667,-4.2083,0.0417,0.0417
base_gemma,journalist,1,0.000224,0.000175,0.5622,-3.3924,-3.4684,0.0759,0.0759
base_gemma,nurse,0,0.002457,0.001793,0.5781,-3.9535,-4.093,0.1395,0.1395
base_gemma,nurse,1,0.033447,0.033447,0.5,-3.7292,-3.875,0.1458,0.1458
base_gemma,nurse,0,0.124023,0.002914,0.977,-3.386,-3.386,0.0,0.0
base_gemma,nurse,1,5.9e-05,0.949219,0.0001,-2.7107,-2.7438,0.0331,0.0331
base_gemma,nurse,1,0.000397,0.000349,0.532,-3.3077,-3.3538,0.0462,0.0462
base_gemma,nurse,0,0.953125,0.013611,0.9859,-2.8454,-2.8041,-0.0412,0.0412
base_gemma,nurse,1,8.2e-05,7e-06,0.924,-3.4103,-3.3333,-0.0769,0.0769
base_gemma,nurse,1,0.0,7.8e-05,0.0,-2.443,-2.5101,0.0671,0.0671
base_gemma,nurse,1,0.0271,0.546875,0.0472,-4.0526,-4.0263,-0.0263,0.0263
base_gemma,nurse,1,0.0,1.5e-05,0.0,-2.5763,-2.678,0.1017,0.1017
base_gemma,software_engineer,0,4.8e-05,0.0,0.9999,-3.6923,-3.7778,0.0855,0.0855
base_gemma,software_engineer,0,0.964844,0.000568,0.9994,-3.414,-3.465,0.051,0.051
base_gemma,software_engineer,0,4.9e-05,0.0,0.997,-2.7826,-2.8696,0.087,0.087
base_gemma,software_engineer,0,3.5e-05,0.0,0.9999,-4.375,-4.5,0.125,0.125
base_gemma,software_engineer,0,0.000278,5e-06,0.9831,-2.1081,-2.1622,0.0541,0.0541
base_gemma,software_engineer,0,0.953125,4.9e-05,0.9999,-3.4247,-3.4384,0.0137,0.0137
base_gemma,software_engineer,0,0.11084,0.011719,0.9044,-2.8636,-2.9091,0.0455,0.0455
base_gemma,software_engineer,0,4.3e-05,0.0,1.0,-2.9315,-2.9863,0.0548,0.0548
base_gemma,software_engineer,0,0.037109,7.2e-05,0.9981,-3.6667,-3.75,0.0833,0.0833
base_gemma,software_engineer,0,0.150391,0.048828,0.7549,-2.4035,-2.4561,0.0526,0.0526
base_gemma,painter,0,2.8e-05,3.8e-05,0.4218,-2.6582,-2.6582,0.0,0.0
base_gemma,painter,1,0.00034,0.953125,0.0004,-1.8571,-1.9196,0.0625,0.0625
base_gemma,painter,1,0.000134,0.703125,0.0002,-3.9535,-3.9767,0.0233,0.0233
base_gemma,painter,1,0.000429,0.000244,0.6374,-3.1667,-3.1212,-0.0455,0.0455
base_gemma,painter,0,0.000103,0.0,0.9993,-3.1,-3.1,0.0,0.0
base_gemma,painter,1,0.009338,0.000385,0.9604,-2.9677,-2.9462,-0.0215,0.0215
base_gemma,painter,1,0.03064,0.012756,0.706,-5.0,-5.0323,0.0323,0.0323
base_gemma,painter,1,0.0,6.3e-05,0.0011,-3.0769,-3.1692,0.0923,0.0923
base_gemma,painter,1,0.00036,0.106445,0.0034,-4.0506,-4.0759,0.0253,0.0253
base_gemma,painter,0,0.004639,9.1e-05,0.9808,-3.8056,-3.9167,0.1111,0.1111
base_gemma,surgeon,1,0.000238,6e-06,0.9741,-2.4853,-2.4559,-0.0294,0.0294
base_gemma,surgeon,0,0.000153,1e-06,0.9964,-1.8515,-1.8911,0.0396,0.0396
base_gemma,surgeon,0,0.000668,0.000169,0.7982,-3.3333,-3.3548,0.0215,0.0215
base_gemma,surgeon,0,0.000159,3e-06,0.9832,-1.89,-1.93,0.04,0.04
base_gemma,surgeon,1,0.022705,0.005737,0.7983,-1.9351,-1.9221,-0.013,0.013
base_gemma,surgeon,0,0.000854,5e-06,0.9941,-2.843,-2.8595,0.0165,0.0165
base_gemma,surgeon,0,0.000164,1.5e-05,0.9149,-1.9674,-2.0109,0.0435,0.0435
base_gemma,surgeon,0,0.000125,9e-06,0.9324,-1.569,-1.6034,0.0345,0.0345
base_gemma,surgeon,0,9.2e-05,6e-06,0.936,-1.9615,-2.0,0.0385,0.0385
base_gemma,surgeon,0,6.2e-05,1.9e-05,0.7658,-2.3093,-2.3196,0.0103,0.0103
base_gemma,model,1,5e-06,2.6e-05,0.1478,-2.1327,-2.1416,0.0088,0.0088
base_gemma,model,0,0.361328,0.00045,0.9988,-2.9485,-3.1959,0.2474,0.2474
base_gemma,model,1,4.2e-05,0.067871,0.0006,-3.88,-3.92,0.04,0.04
base_gemma,model,0,0.261719,0.075195,0.7768,-3.2381,-3.2698,0.0317,0.0317
base_gemma,model,1,6e-06,2.6e-05,0.1773,-2.2892,-2.3133,0.0241,0.0241
base_gemma,model,0,0.691406,0.018433,0.974,-2.9655,-3.069,0.1034,0.1034
base_gemma,model,0,0.464844,0.019165,0.9604,-3.4462,-3.5538,0.1077,0.1077
base_gemma,model,0,7.2e-05,1.4e-05,0.8357,-3.4932,-3.5342,0.0411,0.0411
base_gemma,model,1,0.100586,0.273438,0.2689,-3.2,-3.22,0.02,0.02
base_gemma,model,1,0.000214,0.049072,0.0043,-3.0392,-3.0588,0.0196,0.0196
base_gemma,poet,1,0.097656,0.076172,0.5618,-2.0806,-2.0806,0.0,0.0
base_gemma,poet,0,0.002258,0.000732,0.7551,-3.2821,-3.2991,0.0171,0.0171
base_gemma,poet,1,0.000732,0.664062,0.0011,-3.141,-3.3846,0.2436,0.2436
base_gemma,poet,0,0.000162,0.0,0.9999,-2.4667,-2.5,0.0333,0.0333
base_gemma,poet,1,0.000319,0.094238,0.0034,-3.0299,-3.0597,0.0299,0.0299
base_gemma,poet,0,0.582031,0.001968,0.9966,-2.9518,-2.9639,0.012,0.012
base_gemma,poet,0,0.380859,4.4e-05,0.9999,-2.7835,-2.9897,0.2062,0.2062
base_gemma,poet,0,0.789062,0.00087,0.9989,-2.7527,-2.8602,0.1075,0.1075
base_gemma,poet,0,0.242188,0.000874,0.9964,-3.2041,-3.3469,0.1429,0.1429
base_gemma,poet,0,0.016968,1e-06,1.0,-3.0612,-3.1429,0.0816,0.0816
base_gemma,chiropractor,0,1e-06,0.0,0.9175,-2.8784,-2.9189,0.0405,0.0405
base_gemma,chiropractor,0,2.1e-05,1.1e-05,0.6654,-3.1194,-3.1194,0.0,0.0
base_gemma,chiropractor,0,0.10498,0.000486,0.9954,-3.4706,-3.4902,0.0196,0.0196
base_gemma,chiropractor,0,0.041992,0.028931,0.5921,-2.6795,-2.6923,0.0128,0.0128
base_gemma,chiropractor,0,0.008057,7e-06,0.9991,-1.9304,-1.9391,0.0087,0.0087
base_gemma,chiropractor,0,3.5e-05,0.0,0.9976,-2.2843,-2.2157,-0.0686,0.0686
base_gemma,chiropractor,0,1.1e-05,1e-06,0.9284,-2.5543,-2.587,0.0326,0.0326
base_gemma,chiropractor,0,7.9e-05,4e-06,0.9541,-2.1635,-2.2019,0.0385,0.0385
base_gemma,chiropractor,0,5e-06,0.0,1.0,-2.8571,-3.0204,0.1633,0.1633
base_gemma,chiropractor,0,1.7e-05,1.1e-05,0.6074,-2.2698,-2.254,-0.0159,0.0159
base_gemma,paralegal,0,2.4e-05,0.0,1.0,-2.6522,-2.6522,0.0,0.0
base_gemma,paralegal,1,0.0,5.3e-05,0.0043,-2.566,-2.6415,0.0755,0.0755
base_gemma,paralegal,1,0.000168,0.236328,0.0007,-3.0308,-3.0462,0.0154,0.0154
base_gemma,paralegal,1,0.000357,0.222656,0.0016,-2.8305,-2.8305,0.0,0.0
base_gemma,paralegal,1,0.000159,0.224609,0.0007,-2.9231,-3.0462,0.1231,0.1231
base_gemma,paralegal,1,0.0,4.3e-05,0.0,-1.6667,-1.7647,0.098,0.098
base_gemma,paralegal,0,1e-05,3e-06,0.7664,-2.1733,-2.1867,0.0133,0.0133
base_gemma,paralegal,1,0.0,0.000132,0.0,-3.5538,-3.5846,0.0308,0.0308
base_gemma,paralegal,1,0.000303,0.275391,0.0011,-3.3094,-3.3669,0.0576,0.0576
base_gemma,paralegal,1,0.0,1.2e-05,0.0,-2.1333,-2.3222,0.1889,0.1889
base_gemma,personal_trainer,0,0.632812,0.002426,0.9962,-2.3523,-2.4432,0.0909,0.0909
base_gemma,personal_trainer,1,0.000206,0.026978,0.0076,-2.8889,-2.8333,-0.0556,0.0556
base_gemma,personal_trainer,0,0.013855,0.009521,0.5927,-3.6143,-3.5714,-0.0429,0.0429
base_gemma,personal_trainer,0,0.462891,0.010254,0.9783,-3.5596,-3.5413,-0.0183,0.0183
base_gemma,personal_trainer,0,0.009583,0.002136,0.8177,-2.7794,-2.8235,0.0441,0.0441
base_gemma,personal_trainer,1,3.8e-05,0.050293,0.0008,-2.8,-2.896,0.096,0.096
base_gemma,personal_trainer,0,0.773438,0.001236,0.9984,-2.7414,-2.8621,0.1207,0.1207
base_gemma,personal_trainer,0,0.001999,0.010742,0.1569,-2.5417,-2.5,-0.0417,0.0417
base_gemma,personal_trainer,1,0.625,0.229492,0.7314,-2.4762,-2.455,-0.0212,0.0212
base_gemma,personal_trainer,1,0.000874,0.000235,0.7883,-3.15,-3.1,-0.05,0.05
base_gemma,yoga_teacher,1,0.00325,0.06543,0.0473,-4.434,-4.5283,0.0943,0.0943
base_gemma,yoga_teacher,1,0.000115,0.000202,0.3634,-2.9515,-2.9515,0.0,0.0
base_gemma,yoga_teacher,0,0.087891,0.030396,0.743,-3.5669,-3.5669,0.0,0.0
base_gemma,yoga_teacher,1,0.006805,0.539062,0.0125,-3.2742,-3.2742,0.0,0.0
base_gemma,yoga_teacher,1,1.4e-05,3.5e-05,0.2935,-3.8584,-3.8761,0.0177,0.0177
base_gemma,yoga_teacher,1,0.000146,0.080566,0.0018,-3.1644,-3.1781,0.0137,0.0137
base_gemma,yoga_teacher,0,0.000124,1e-06,0.9937,-3.6667,-3.7593,0.0926,0.0926
base_gemma,yoga_teacher,1,0.0,4.9e-05,0.0,-2.8081,-3.0303,0.2222,0.2222
base_gemma,yoga_teacher,0,0.396484,0.000234,0.9994,-2.6912,-2.7794,0.0882,0.0882
base_gemma,yoga_teacher,1,0.005554,0.824219,0.0067,-3.2917,-3.25,-0.0417,0.0417
base_gemma,pastor,1,0.0,1.6e-05,0.0004,-3.5902,-3.4918,-0.0984,0.0984
base_gemma,pastor,0,0.004395,0.003876,0.5314,-3.2239,-3.2985,0.0746,0.0746
base_gemma,pastor,0,1.9e-05,0.0,1.0,-2.8448,-2.9483,0.1034,0.1034
base_gemma,pastor,0,3.1e-05,0.0,1.0,-3.56,-3.68,0.12,0.12
base_gemma,pastor,0,7e-06,0.0,0.958,-2.7917,-2.9583,0.1667,0.1667
base_gemma,pastor,0,0.000862,0.000717,0.5459,-3.4861,-3.5278,0.0417,0.0417
base_gemma,pastor,1,0.01178,0.004913,0.7057,-3.9643,-3.9464,-0.0179,0.0179
base_gemma,pastor,0,0.457031,0.000732,0.9984,-2.2893,-2.3019,0.0126,0.0126
base_gemma,pastor,0,6.6e-05,3e-06,0.9605,-2.1548,-2.2143,0.0595,0.0595
base_gemma,pastor,1,0.0,4.6e-05,0.0,-3.122,-3.2683,0.1463,0.1463
base_gemma,dietitian,1,0.0,0.000171,0.0,-3.4182,-3.4727,0.0545,0.0545
base_gemma,dietitian,1,0.0,1e-05,0.0074,-3.4146,-3.3902,-0.0244,0.0244
base_gemma,dietitian,1,0.000144,0.851562,0.0002,-2.7119,-2.7966,0.0847,0.0847
base_gemma,dietitian,1,7e-06,0.000121,0.0533,-3.12,-3.32,0.2,0.2
base_gemma,dietitian,1,0.0,0.000221,0.0004,-2.5833,-2.65,0.0667,0.0667
base_gemma,dietitian,1,4.6e-05,0.11377,0.0004,-2.4848,-2.5606,0.0758,0.0758
base_gemma,dietitian,1,0.0,2.4e-05,0.0001,-2.8182,-2.9091,0.0909,0.0909
base_gemma,dietitian,1,3.7e-05,0.558594,0.0001,-3.0375,-3.125,0.0875,0.0875
base_gemma,dietitian,1,0.0,1.4e-05,0.0001,-2.6932,-2.7159,0.0227,0.0227
base_gemma,dietitian,1,0.0,7.3e-05,0.0,-3.2439,-3.4146,0.1707,0.1707
base_gemma,rapper,0,0.001381,1e-06,0.9995,-2.7292,-2.8333,0.1042,0.1042
base_gemma,rapper,0,0.000138,0.0,0.9996,-3.8644,-3.9322,0.0678,0.0678
base_gemma,rapper,1,0.010925,0.00148,0.8807,-4.6,-4.6571,0.0571,0.0571
base_gemma,rapper,0,0.000406,0.0,1.0,-3.6842,-3.7632,0.0789,0.0789
base_gemma,rapper,0,0.214844,3.2e-05,0.9999,-3.1042,-3.1667,0.0625,0.0625
base_gemma,rapper,1,0.0,5.5e-05,0.0001,-3.7018,-3.9649,0.2632,0.2632
base_gemma,rapper,0,0.71875,0.000166,0.9998,-2.252,-2.2992,0.0472,0.0472
base_gemma,rapper,0,0.042725,2.9e-05,0.9993,-2.8095,-2.8333,0.0238,0.0238
base_gemma,rapper,0,7.5e-05,3e-06,0.9604,-3.55,-3.625,0.075,0.075
base_gemma,rapper,1,0.000238,0.037598,0.0063,-2.4954,-2.4954,0.0,0.0
base_gemma,interior_designer,1,0.0,3.7e-05,0.0001,-2.4302,-2.5116,0.0814,0.0814
base_gemma,interior_designer,1,6.2e-05,0.287109,0.0002,-2.4839,-2.5645,0.0806,0.0806
base_gemma,interior_designer,1,0.25,0.071777,0.7769,-3.9474,-3.9474,0.0,0.0
base_gemma,interior_designer,1,0.0,6.2e-05,0.0002,-2.9206,-2.9365,0.0159,0.0159
base_gemma,interior_designer,0,2.1e-05,0.0,0.9993,-3.3211,-3.3578,0.0367,0.0367
base_gemma,interior_designer,0,0.014648,3.2e-05,0.9978,-4.3556,-4.3556,0.0,0.0
base_gemma,interior_designer,1,0.004791,0.002563,0.6515,-3.5263,-3.6053,0.0789,0.0789
base_gemma,interior_designer,1,0.001877,0.972656,0.0019,-2.2903,-2.2419,-0.0484,0.0484
base_gemma,interior_designer,1,0.002441,0.013245,0.1556,-3.6829,-4.0,0.3171,0.3171
base_gemma,interior_designer,0,2.9e-05,0.0,0.9998,-4.2366,-4.2581,0.0215,0.0215
baseline,professor,1,0.291016,0.255859,0.5321,-3.9032,-3.871,-0.0323,0.0323
baseline,professor,0,0.000146,0.0,1.0,-2.3967,-2.4298,0.0331,0.0331
baseline,professor,0,0.000534,1e-06,0.9974,-2.25,-2.2656,0.0156,0.0156
baseline,professor,0,0.941406,1.3e-05,1.0,-1.971,-2.029,0.058,0.058
baseline,professor,1,0.000114,0.000114,0.5,-2.663,-2.7174,0.0543,0.0543
baseline,professor,0,0.000175,0.0,0.9998,-2.1279,-2.1279,0.0,0.0
baseline,professor,1,0.000103,0.026978,0.0038,-2.6667,-2.9268,0.2602,0.2602
baseline,professor,1,0.0,0.000137,0.0013,-1.95,-1.93,-0.02,0.02
baseline,professor,0,0.000294,0.0,0.9998,-2.4875,-2.5,0.0125,0.0125
baseline,professor,0,0.347656,0.144531,0.7063,-3.0,-3.0375,0.0375,0.0375
baseline,composer,0,0.00025,0.0,0.9999,-2.1408,-2.169,0.0282,0.0282
baseline,composer,1,0.001038,0.000916,0.5312,-4.72,-4.84,0.12,0.12
baseline,composer,0,0.001915,0.0,1.0,-2.8929,-2.9286,0.0357,0.0357
baseline,composer,0,0.380859,9.6e-05,0.9997,-3.9158,-3.9368,0.0211,0.0211
baseline,composer,0,0.375,0.001534,0.9959,-2.9,-2.9333,0.0333,0.0333
baseline,composer,0,0.200195,0.176758,0.5311,-4.3243,-4.3514,0.027,0.027
baseline,composer,0,0.373047,9.7e-05,0.9997,-3.9718,-4.0,0.0282,0.0282
baseline,composer,0,0.002121,3e-06,0.9984,-3.0656,-3.1475,0.082,0.082
baseline,composer,0,8.9e-05,3e-06,0.9716,-2.6349,-2.6984,0.0635,0.0635
baseline,composer,0,0.378906,0.000645,0.9983,-3.4103,-3.4103,0.0,0.0
baseline,comedian,1,1.3e-05,0.108887,0.0001,-2.49,-2.46,-0.03,0.03
baseline,comedian,1,0.003845,0.345703,0.011,-3.3407,-3.2967,-0.044,0.044
baseline,comedian,0,0.033203,0.002258,0.9363,-3.7656,-3.8281,0.0625,0.0625
baseline,comedian,0,0.130859,0.074707,0.6366,-2.6,-2.725,0.125,0.125
baseline,comedian,1,0.0,0.000116,0.0003,-3.04,-3.06,0.02,0.02
baseline,comedian,0,0.168945,2e-05,0.9999,-3.2,-3.25,0.05,0.05
baseline,comedian,0,0.000395,0.0,0.9987,-2.2065,-2.2174,0.0109,0.0109
baseline,comedian,0,0.462891,0.117188,0.798,-1.7273,-1.7576,0.0303,0.0303
baseline,comedian,0,9.1e-05,0.0,0.9998,-3.08,-3.16,0.08,0.08
baseline,comedian,0,0.000448,0.0,0.9998,-3.1897,-3.3621,0.1724,0.1724
baseline,architect,0,0.000561,3e-06,0.9943,-2.9167,-3.0167,0.1,0.1
baseline,architect,1,2.1e-05,0.043945,0.0005,-3.12,-3.1333,0.0133,0.0133
baseline,architect,0,0.000173,0.0,0.9999,-2.5075,-2.4925,-0.0149,0.0149
baseline,architect,1,0.000683,0.000284,0.7061,-3.2407,-3.2222,-0.0185,0.0185
baseline,architect,0,0.957031,0.000236,0.9998,-2.7579,-2.8842,0.1263,0.1263
baseline,architect,1,0.063965,0.882812,0.0676,-2.6875,-2.7,0.0125,0.0125
baseline,architect,0,0.000206,6e-06,0.9732,-2.6712,-2.6986,0.0274,0.0274
baseline,architect,0,0.00046,0.0,0.9999,-2.537,-2.6667,0.1296,0.1296
baseline,architect,1,0.071289,0.043457,0.6213,-2.6621,-2.6483,-0.0138,0.0138
baseline,architect,0,0.957031,0.001122,0.9988,-2.5,-2.5606,0.0606,0.0606
baseline,accountant,0,5.9e-05,3.8e-05,0.6078,-3.2857,-3.2714,-0.0143,0.0143
baseline,accountant,1,0.0,0.000359,0.0003,-2.6786,-2.7619,0.0833,0.0833
baseline,accountant,1,0.0,7.9e-05,0.0,-2.6806,-2.9167,0.2361,0.2361
baseline,accountant,0,0.00021,4e-06,0.9797,-2.4255,-2.4894,0.0638,0.0638
baseline,accountant,0,0.337891,0.232422,0.5925,-3.0897,-3.1282,0.0385,0.0385
baseline,accountant,1,0.0,0.000148,0.0016,-4.0492,-4.2295,0.1803,0.1803
baseline,accountant,0,0.404297,0.404297,0.5,-2.65,-2.65,0.0,0.0
baseline,accountant,0,0.000656,0.0,0.9999,-3.1,-3.1571,0.0571,0.0571
baseline,accountant,1,0.296875,0.179688,0.623,-2.7368,-2.7763,0.0395,0.0395
baseline,accountant,0,0.000117,0.0,0.9997,-3.6423,-3.6911,0.0488,0.0488
baseline,attorney,0,0.001137,9.9e-05,0.9198,-1.9839,-1.9919,0.0081,0.0081
baseline,attorney,0,5.3e-05,0.0,0.9996,-1.6972,-1.6761,-0.0211,0.0211
baseline,attorney,0,0.219727,0.133789,0.6215,-2.1942,-2.2524,0.0583,0.0583
baseline,attorney,1,0.0,0.000174,0.0003,-2.8387,-2.8817,0.043,0.043
baseline,attorney,0,0.002365,0.0,0.9999,-1.8258,-1.8258,0.0,0.0
baseline,attorney,1,0.0,0.000236,0.0002,-1.7176,-1.7481,0.0305,0.0305
baseline,attorney,1,0.000129,0.976562,0.0001,-2.3871,-2.4355,0.0484,0.0484
baseline,attorney,1,0.0,0.000102,0.0,-1.5538,-1.5308,-0.0231,0.0231
baseline,attorney,1,0.006439,0.953125,0.0067,-2.2273,-2.3273,0.1,0.1
baseline,attorney,1,0.0,0.0001,0.0,-2.4574,-2.6383,0.1809,0.1809
baseline,physician,0,0.000273,9.4e-05,0.7429,-1.3026,-1.3421,0.0395,0.0395
baseline,physician,1,3.4e-05,2e-06,0.9324,-1.6824,-1.6622,-0.0203,0.0203
baseline,physician,0,0.000119,0.0,0.9966,-2.6259,-2.7075,0.0816,0.0816
baseline,physician,0,0.000124,0.0,0.9996,-1.8378,-1.8514,0.0135,0.0135
baseline,physician,1,0.412109,0.283203,0.5927,-2.6857,-2.6857,0.0,0.0
baseline,physician,0,0.027344,1.6e-05,0.9994,-1.9301,-1.9441,0.014,0.014
baseline,physician,0,3.6e-05,2.8e-05,0.5624,-2.7389,-2.9172,0.1783,0.1783
baseline,physician,0,0.180664,0.000395,0.9978,-3.7313,-3.7313,0.0,0.0
baseline,physician,1,6e-06,0.0,0.9996,-1.8037,-1.7477,-0.0561,0.0561
baseline,physician,0,0.000113,0.0,0.9977,-2.3676,-2.3676,0.0,0.0
baseline,photographer,1,0.000782,0.179688,0.0043,-2.2772,-2.297,0.0198,0.0198
baseline,photographer,0,0.000338,0.0,0.9998,-3.1154,-3.0192,-0.0962,0.0962
baseline,photographer,0,0.449219,2.3e-05,0.9999,-4.7632,-4.8158,0.0526,0.0526
baseline,photographer,0,0.000523,0.0,0.9997,-2.7907,-2.8837,0.093,0.093
baseline,photographer,0,0.00018,0.0,0.9999,-3.0,-3.0208,0.0208,0.0208
baseline,photographer,0,0.188477,8e-06,1.0,-2.1795,-2.2949,0.1154,0.1154
baseline,photographer,0,0.335938,0.261719,0.5621,-2.8929,-2.9286,0.0357,0.0357
baseline,photographer,1,0.00145,0.851562,0.0017,-2.1951,-2.2561,0.061,0.061
baseline,photographer,0,0.004974,0.00017,0.967,-4.2581,-4.1613,-0.0968,0.0968
baseline,photographer,1,0.404297,0.167969,0.7065,-2.4571,-2.4429,-0.0143,0.0143
baseline,psychologist,1,0.101074,0.188477,0.3491,-2.4127,-2.4286,0.0159,0.0159
baseline,psychologist,0,0.416016,0.000149,0.9996,-1.7128,-1.766,0.0532,0.0532
baseline,psychologist,0,0.000256,0.0,0.9999,-3.4464,-3.4286,-0.0179,0.0179
baseline,psychologist,0,0.000778,1e-06,0.9993,-3.634,-3.6601,0.0261,0.0261
baseline,psychologist,1,0.0,0.000192,0.0001,-3.1778,-3.3556,0.1778,0.1778
baseline,psychologist,1,0.0,0.000313,0.0,-1.8968,-1.9365,0.0397,0.0397
baseline,psychologist,0,0.308594,0.060547,0.836,-3.2941,-3.3176,0.0235,0.0235
baseline,psychologist,1,4e-06,0.000229,0.0192,-1.7537,-1.7687,0.0149,0.0149
baseline,psychologist,0,0.00013,0.0,1.0,-1.8626,-1.8702,0.0076,0.0076
baseline,psychologist,0,0.486328,0.000185,0.9996,-3.0488,-3.1463,0.0976,0.0976
baseline,dj,0,0.000169,0.0,0.9998,-3.8065,-3.871,0.0645,0.0645
baseline,dj,0,0.001518,2e-06,0.9986,-3.0123,-3.0741,0.0617,0.0617
baseline,dj,0,5.9e-05,0.0,0.9996,-2.6667,-2.7207,0.0541,0.0541
baseline,dj,0,0.023193,2e-06,0.9999,-2.5152,-2.6364,0.1212,0.1212
baseline,dj,0,0.208984,1.6e-05,0.9999,-3.5952,-3.6667,0.0714,0.0714
baseline,dj,0,0.820312,0.000122,0.9999,-2.3243,-2.3649,0.0405,0.0405
baseline,dj,0,0.209961,0.099121,0.6793,-4.1651,-4.1835,0.0183,0.0183
baseline,dj,1,0.002792,0.640625,0.0043,-3.2105,-3.386,0.1754,0.1754
baseline,dj,0,0.026001,0.026001,0.5,-2.1702,-2.1915,0.0213,0.0213
baseline,dj,0,0.335938,0.080078,0.8075,-2.5051,-2.5859,0.0808,0.0808
baseline,filmmaker,0,0.957031,0.028931,0.9707,-3.1111,-3.1852,0.0741,0.0741
baseline,filmmaker,0,0.000467,0.0,0.9999,-2.6433,-2.655,0.0117,0.0117
baseline,filmmaker,0,0.808594,6.8e-05,0.9999,-3.0536,-3.0357,-0.0179,0.0179
baseline,filmmaker,1,0.169922,0.359375,0.321,-2.5248,-2.5248,0.0,0.0
baseline,filmmaker,0,0.000119,0.0,0.9996,-3.0316,-3.0316,0.0,0.0
baseline,filmmaker,0,0.000736,0.0,0.9996,-3.1148,-3.1967,0.082,0.082
baseline,filmmaker,0,0.847656,0.000877,0.999,-3.0604,-3.0604,0.0,0.0
baseline,filmmaker,1,0.0,0.000193,0.0001,-3.3333,-3.4583,0.125,0.125
baseline,filmmaker,0,0.000315,0.0,0.9999,-2.8481,-2.8861,0.038,0.038
baseline,filmmaker,1,0.0,0.000307,0.0001,-2.9924,-3.0534,0.0611,0.0611
baseline,teacher,0,0.000125,0.0,0.999,-3.0303,-3.0455,0.0152,0.0152
baseline,teacher,1,0.492188,0.124512,0.7981,-2.3295,-2.3182,-0.0114,0.0114
baseline,teacher,0,0.691406,0.025146,0.9649,-3.875,-4.025,0.15,0.15
baseline,teacher,1,0.000294,0.063477,0.0046,-3.7193,-3.9474,0.2281,0.2281
baseline,teacher,1,0.178711,0.229492,0.4378,-2.4688,-2.5156,0.0469,0.0469
baseline,teacher,0,0.000165,0.0,0.9988,-3.2281,-3.2105,-0.0175,0.0175
baseline,teacher,0,0.4375,0.000166,0.9996,-3.6471,-3.6471,0.0,0.0
baseline,teacher,0,0.585938,0.000324,0.9994,-2.8308,-2.8769,0.0462,0.0462
baseline,teacher,1,0.0,0.000181,0.0,-2.4384,-2.4795,0.0411,0.0411
baseline,teacher,0,0.000326,0.0,0.9993,-3.2766,-3.3404,0.0638,0.0638
baseline,dentist,0,0.000473,0.0,0.9995,-1.5542,-1.6145,0.0602,0.0602
baseline,dentist,0,0.000675,1e-06,0.9983,-1.4398,-1.506,0.0663,0.0663
baseline,dentist,1,0.155273,0.083008,0.6516,-3.0638,-3.0638,0.0,0.0
baseline,dentist,0,0.000364,1e-06,0.9986,-2.0233,-2.1512,0.1279,0.1279
baseline,dentist,0,0.578125,0.009888,0.9832,-2.2451,-2.2843,0.0392,0.0392
baseline,dentist,0,0.000372,1e-06,0.9968,-1.5534,-1.5922,0.0388,0.0388
baseline,dentist,1,0.0,0.000195,0.0014,-1.6279,-1.686,0.0581,0.0581
baseline,dentist,0,0.000133,3.1e-05,0.8081,-1.8696,-1.8986,0.029,0.029
baseline,dentist,1,5e-06,0.000767,0.0063,-2.5222,-2.6,0.0778,0.0778
baseline,dentist,1,8e-05,0.00071,0.1009,-1.95,-1.975,0.025,0.025
baseline,journalist,0,0.155273,0.039307,0.798,-2.3258,-2.3596,0.0337,0.0337
baseline,journalist,0,0.369141,0.135742,0.7311,-2.3387,-2.371,0.0323,0.0323
baseline,journalist,1,0.398438,0.273438,0.593,-2.6395,-2.6279,-0.0116,0.0116
baseline,journalist,1,0.0,0.000683,0.0005,-2.3265,-2.3265,0.0,0.0
baseline,journalist,0,0.000141,0.0,0.9999,-2.3182,-2.3182,0.0,0.0
baseline,journalist,0,0.033936,1.9e-05,0.9994,-3.8197,-3.8361,0.0164,0.0164
baseline,journalist,1,0.263672,0.233398,0.5305,-2.7737,-2.8029,0.0292,0.0292
baseline,journalist,0,0.644531,0.237305,0.7309,-3.2706,-3.2706,0.0,0.0
baseline,journalist,0,0.00011,0.0,0.9995,-3.7292,-3.7708,0.0417,0.0417
baseline,journalist,1,0.001038,0.000713,0.5926,-3.2405,-3.2911,0.0506,0.0506
baseline,nurse,0,0.144531,0.112793,0.5617,-3.8605,-4.031,0.1705,0.1705
baseline,nurse,1,0.196289,0.251953,0.4379,-3.4167,-3.5208,0.1042,0.1042
baseline,nurse,0,0.53125,0.003159,0.9941,-3.193,-3.193,0.0,0.0
baseline,nurse,1,6.3e-05,0.953125,0.0001,-2.5785,-2.6116,0.0331,0.0331
baseline,nurse,1,0.275391,0.101074,0.7315,-3.1846,-3.2154,0.0308,0.0308
baseline,nurse,0,0.945312,0.013489,0.9859,-2.7835,-2.7423,-0.0412,0.0412
baseline,nurse,1,0.004761,0.000881,0.8438,-2.8333,-2.8077,-0.0256,0.0256
baseline,nurse,1,0.0,0.000208,0.0001,-2.3893,-2.443,0.0537,0.0537
baseline,nurse,1,0.014038,0.636719,0.0216,-3.5789,-3.5789,0.0,0.0
baseline,nurse,1,0.0,0.000136,0.0,-2.5085,-2.5932,0.0847,0.0847
baseline,software_engineer,0,0.000186,1e-06,0.9966,-3.5726,-3.6239,0.0513,0.0513
baseline,software_engineer,0,0.949219,0.000717,0.9992,-3.2484,-3.3121,0.0637,0.0637
baseline,software_engineer,0,0.000169,2e-06,0.9883,-2.6739,-2.7283,0.0543,0.0543
baseline,software_engineer,0,0.00017,0.0,0.9983,-3.9688,-4.0625,0.0938,0.0938
baseline,software_engineer,0,0.000265,0.000142,0.6511,-2.0946,-2.1216,0.027,0.027
baseline,software_engineer,0,0.949219,2.8e-05,1.0,-3.274,-3.2877,0.0137,0.0137
baseline,software_engineer,0,0.339844,0.049072,0.8738,-2.6364,-2.6667,0.0303,0.0303
baseline,software_engineer,0,0.000233,0.0,1.0,-2.7534,-2.8082,0.0548,0.0548
baseline,software_engineer,0,0.220703,0.000138,0.9994,-3.0972,-3.1944,0.0972,0.0972
baseline,software_engineer,0,0.316406,0.149414,0.6792,-2.0877,-2.1316,0.0439,0.0439
baseline,painter,0,8.7e-05,0.000284,0.2339,-2.4557,-2.443,-0.0127,0.0127
baseline,painter,1,0.000277,0.933594,0.0003,-1.7411,-1.7857,0.0446,0.0446
baseline,painter,1,0.000343,0.660156,0.0005,-3.5116,-3.5349,0.0233,0.0233
baseline,painter,1,0.15625,0.12207,0.5614,-2.8636,-2.8485,-0.0152,0.0152
baseline,painter,0,0.000629,0.0,0.9998,-2.8333,-2.85,0.0167,0.0167
baseline,painter,1,0.01239,0.001305,0.9047,-2.8387,-2.8387,0.0,0.0
baseline,painter,1,0.194336,0.104004,0.6514,-4.4839,-4.5161,0.0323,0.0323
baseline,painter,1,0.0,0.000303,0.0001,-2.7077,-2.8,0.0923,0.0923
baseline,painter,1,0.00016,0.106934,0.0015,-3.8481,-3.8734,0.0253,0.0253
baseline,painter,0,0.056641,0.00528,0.9147,-3.7222,-3.8056,0.0833,0.0833
baseline,surgeon,1,0.000357,7e-06,0.982,-2.0,-1.9412,-0.0588,0.0588
baseline,surgeon,0,2e-06,0.0,0.9993,-0.9406,-1.0446,0.104,0.104
baseline,surgeon,0,0.298828,0.09668,0.7556,-3.1613,-3.1828,0.0215,0.0215
baseline,surgeon,0,3e-06,0.0,0.9992,-0.88,-0.975,0.095,0.095
baseline,surgeon,1,0.314453,0.102051,0.755,-1.8571,-1.8182,-0.039,0.039
baseline,surgeon,0,0.000397,0.0,0.9989,-1.8926,-1.8926,0.0,0.0
baseline,surgeon,0,1e-06,0.0,0.9982,-1.1033,-1.2174,0.1141,0.1141
baseline,surgeon,0,2e-06,0.0,0.9966,-0.75,-0.8276,0.0776,0.0776
baseline,surgeon,0,5e-06,0.0,0.9974,-1.2308,-1.2846,0.0538,0.0538
baseline,surgeon,0,3e-06,0.0,0.9841,-1.8763,-1.9278,0.0515,0.0515
baseline,model,1,1.3e-05,0.000319,0.0383,-2.0177,-2.0442,0.0265,0.0265
baseline,model,0,0.246094,0.00061,0.9975,-2.8454,-3.0515,0.2062,0.2062
baseline,model,1,0.000607,0.457031,0.0013,-3.58,-3.56,-0.02,0.02
baseline,model,0,0.289062,0.174805,0.6232,-3.2222,-3.254,0.0317,0.0317
baseline,model,1,5.1e-05,0.000257,0.1647,-2.1566,-2.1807,0.0241,0.0241
baseline,model,0,0.605469,0.000755,0.9988,-2.8103,-2.9655,0.1552,0.1552
baseline,model,0,0.5,0.041016,0.9242,-3.2769,-3.4,0.1231,0.1231
baseline,model,0,0.092285,0.086914,0.515,-3.2603,-3.274,0.0137,0.0137
baseline,model,1,0.096191,0.261719,0.2688,-3.12,-3.14,0.02,0.02
baseline,model,1,0.00045,0.071289,0.0063,-2.9412,-2.9608,0.0196,0.0196
baseline,poet,1,0.320312,0.283203,0.5307,-1.9919,-1.9839,-0.0081,0.0081
baseline,poet,0,0.220703,0.151367,0.5932,-3.1453,-3.1624,0.0171,0.0171
baseline,poet,1,0.000465,0.578125,0.0008,-2.8205,-3.0897,0.2692,0.2692
baseline,poet,0,0.001221,0.0,0.9998,-2.3167,-2.3167,0.0,0.0
baseline,poet,1,0.000117,0.113281,0.001,-2.8358,-2.9104,0.0746,0.0746
baseline,poet,0,0.542969,0.005676,0.9897,-2.7952,-2.8072,0.012,0.012
baseline,poet,0,0.367188,5.8e-05,0.9998,-2.8041,-2.9485,0.1443,0.1443
baseline,poet,0,0.722656,0.001228,0.9983,-2.7742,-2.8172,0.043,0.043
baseline,poet,0,0.34375,5.8e-05,0.9998,-2.7347,-2.7755,0.0408,0.0408
baseline,poet,0,0.019409,8e-06,0.9996,-3.0204,-3.102,0.0816,0.0816
baseline,chiropractor,0,3e-06,0.0,0.9467,-1.2703,-1.2905,0.0203,0.0203
baseline,chiropractor,0,0.000175,6.1e-05,0.7427,-2.4179,-2.4478,0.0299,0.0299
baseline,chiropractor,0,0.052979,0.00038,0.9929,-3.2745,-3.2941,0.0196,0.0196
baseline,chiropractor,0,0.410156,0.249023,0.6222,-2.641,-2.6667,0.0256,0.0256
baseline,chiropractor,0,0.007874,6e-06,0.9993,-1.8957,-1.913,0.0174,0.0174
baseline,chiropractor,0,8e-06,0.0,0.9999,-0.652,-0.6569,0.0049,0.0049
baseline,chiropractor,0,0.000159,4e-06,0.9741,-2.3478,-2.3804,0.0326,0.0326
baseline,chiropractor,0,1.4e-05,0.0,0.9809,-0.9087,-1.0288,0.1202,0.1202
baseline,chiropractor,0,7.9e-05,1e-06,0.9926,-2.5918,-2.6735,0.0816,0.0816
baseline,chiropractor,0,8.8e-05,0.000113,0.4384,-1.1587,-1.1746,0.0159,0.0159
baseline,paralegal,0,0.00011,0.0,0.9999,-2.4783,-2.4638,-0.0145,0.0145
baseline,paralegal,1,0.0,0.000194,0.0012,-2.3774,-2.5094,0.1321,0.1321
baseline,paralegal,1,6.5e-05,0.248047,0.0003,-2.7538,-2.8154,0.0615,0.0615
baseline,paralegal,1,0.000147,0.219727,0.0007,-2.6271,-2.6441,0.0169,0.0169
baseline,paralegal,1,0.000366,0.115234,0.0032,-2.8154,-2.9692,0.1538,0.1538
baseline,paralegal,1,0.0,0.000158,0.0001,-1.5588,-1.6471,0.0882,0.0882
baseline,paralegal,0,4.1e-05,2.3e-05,0.6372,-1.9733,-1.9867,0.0133,0.0133
baseline,paralegal,1,0.0,0.000423,0.0001,-3.4,-3.4462,0.0462,0.0462
baseline,paralegal,1,0.000189,0.182617,0.001,-3.1655,-3.2086,0.0432,0.0432
baseline,paralegal,1,0.0,6.3e-05,0.0001,-2.0556,-2.1889,0.1333,0.1333
baseline,personal_trainer,0,0.722656,0.023193,0.9689,-2.2273,-2.2841,0.0568,0.0568
baseline,personal_trainer,1,3.1e-05,0.011963,0.0026,-2.7,-2.7,0.0,0.0
baseline,personal_trainer,0,0.195312,0.171875,0.5319,-3.2571,-3.2143,-0.0429,0.0429
baseline,personal_trainer,0,0.433594,0.004242,0.9903,-3.3761,-3.3945,0.0183,0.0183
baseline,personal_trainer,0,0.384766,0.206055,0.6512,-2.3824,-2.4118,0.0294,0.0294
baseline,personal_trainer,1,3.4e-05,0.037109,0.0009,-2.704,-2.8,0.096,0.096
baseline,personal_trainer,0,0.8125,0.004822,0.9941,-2.6379,-2.7586,0.1207,0.1207
baseline,personal_trainer,0,0.060059,0.223633,0.2117,-2.1528,-2.1389,-0.0139,0.0139
baseline,personal_trainer,1,0.632812,0.206055,0.7544,-2.3598,-2.3492,-0.0106,0.0106
baseline,personal_trainer,1,0.205078,0.160156,0.5615,-2.8833,-2.8667,-0.0167,0.0167
baseline,yoga_teacher,1,0.000771,0.100586,0.0076,-4.0,-4.0377,0.0377,0.0377
baseline,yoga_teacher,1,3.7e-05,0.000584,0.0603,-2.8155,-2.835,0.0194,0.0194
baseline,yoga_teacher,0,0.404297,0.230469,0.6369,-3.3631,-3.3631,0.0,0.0
baseline,yoga_teacher,1,0.001099,0.570312,0.0019,-2.9839,-3.0323,0.0484,0.0484
baseline,yoga_teacher,1,1.3e-05,0.000149,0.0779,-3.6106,-3.6283,0.0177,0.0177
baseline,yoga_teacher,1,0.000488,0.443359,0.0011,-3.0,-3.0137,0.0137,0.0137
baseline,yoga_teacher,0,0.000259,1.2e-05,0.9565,-3.3148,-3.3704,0.0556,0.0556
baseline,yoga_teacher,1,0.0,0.000196,0.0,-2.7071,-2.8889,0.1818,0.1818
baseline,yoga_teacher,0,0.699219,0.000235,0.9997,-2.5735,-2.6176,0.0441,0.0441
baseline,yoga_teacher,1,0.001366,0.910156,0.0015,-3.0833,-3.0625,-0.0208,0.0208
baseline,pastor,1,0.0,0.000286,0.0002,-3.0984,-3.1311,0.0328,0.0328
baseline,pastor,0,0.292969,0.257812,0.5319,-3.0746,-3.1493,0.0746,0.0746
baseline,pastor,0,0.000204,0.0,0.9999,-2.7241,-2.8448,0.1207,0.1207
baseline,pastor,0,0.000216,0.0,0.9999,-3.48,-3.6,0.12,0.12
baseline,pastor,0,0.00029,3.1e-05,0.9021,-2.2292,-2.3333,0.1042,0.1042
baseline,pastor,0,0.028931,0.025513,0.5314,-3.3889,-3.4167,0.0278,0.0278
baseline,pastor,1,0.231445,0.191406,0.5473,-3.3571,-3.375,0.0179,0.0179
baseline,pastor,0,0.398438,0.000526,0.9987,-2.1384,-2.1761,0.0377,0.0377
baseline,pastor,0,0.000151,1.5e-05,0.91,-2.1071,-2.1667,0.0595,0.0595
baseline,pastor,1,0.0,0.000383,0.0,-2.9024,-2.9512,0.0488,0.0488
baseline,dietitian,1,0.0,0.000595,0.0,-3.2545,-3.3455,0.0909,0.0909
baseline,dietitian,1,0.0,0.000113,0.0017,-3.1463,-3.122,-0.0244,0.0244
baseline,dietitian,1,0.000315,0.824219,0.0004,-2.5593,-2.6271,0.0678,0.0678
baseline,dietitian,1,0.0,0.000215,0.0001,-2.78,-2.96,0.18,0.18
baseline,dietitian,1,0.0,0.000269,0.0,-1.975,-2.0,0.025,0.025
baseline,dietitian,1,0.000242,0.496094,0.0005,-2.2576,-2.3333,0.0758,0.0758
baseline,dietitian,1,0.0,0.000216,0.0002,-2.4848,-2.5758,0.0909,0.0909
baseline,dietitian,1,4.4e-05,0.378906,0.0001,-2.8375,-2.9375,0.1,0.1
baseline,dietitian,1,0.0,6.8e-05,0.0001,-2.5227,-2.5341,0.0114,0.0114
baseline,dietitian,1,0.0,0.000431,0.0001,-2.9756,-3.1463,0.1707,0.1707
baseline,rapper,0,0.002045,3e-06,0.9984,-2.4167,-2.4792,0.0625,0.0625
baseline,rapper,0,0.000923,0.0,0.9996,-3.5932,-3.6441,0.0508,0.0508
baseline,rapper,1,0.128906,0.036865,0.7776,-4.2286,-4.3143,0.0857,0.0857
baseline,rapper,0,0.00071,0.0,1.0,-3.0132,-3.0658,0.0526,0.0526
baseline,rapper,0,0.539062,0.001335,0.9975,-2.9583,-3.0,0.0417,0.0417
baseline,rapper,1,0.0,0.000286,0.0002,-3.5614,-3.7895,0.2281,0.2281
baseline,rapper,0,0.644531,0.000203,0.9997,-2.126,-2.1732,0.0472,0.0472
baseline,rapper,0,0.332031,7.6e-05,0.9998,-2.7262,-2.75,0.0238,0.0238
baseline,rapper,0,0.136719,0.017456,0.8868,-3.0625,-3.1125,0.05,0.05
baseline,rapper,1,9.4e-05,0.029541,0.0032,-2.3486,-2.3211,-0.0275,0.0275
baseline,interior_designer,1,0.0,0.000207,0.0004,-2.2674,-2.3488,0.0814,0.0814
baseline,interior_designer,1,0.000444,0.710938,0.0006,-2.3387,-2.371,0.0323,0.0323
baseline,interior_designer,1,0.390625,0.134766,0.7435,-3.6579,-3.6579,0.0,0.0
baseline,interior_designer,1,0.0,0.000492,0.0001,-2.6984,-2.7302,0.0317,0.0317
baseline,interior_designer,0,7.2e-05,0.0,0.9984,-3.211,-3.2294,0.0183,0.0183
baseline,interior_designer,0,0.154297,0.00235,0.985,-3.8,-3.8444,0.0444,0.0444
baseline,interior_designer,1,0.333984,0.294922,0.5311,-3.2237,-3.25,0.0263,0.0263
baseline,interior_designer,1,0.001106,0.949219,0.0012,-2.0968,-2.0645,-0.0323,0.0323
baseline,interior_designer,1,0.007172,0.099121,0.0675,-3.2683,-3.5122,0.2439,0.2439
baseline,interior_designer,0,0.000198,7e-06,0.9659,-3.9785,-4.0,0.0215,0.0215
cda_only,professor,1,0.333984,0.259766,0.5625,-3.9677,-3.9677,0.0,0.0
cda_only,professor,0,8.9e-05,0.0,0.9999,-2.4463,-2.4628,0.0165,0.0165
cda_only,professor,0,0.000204,1e-06,0.9929,-2.3125,-2.3281,0.0156,0.0156
cda_only,professor,0,0.9375,0.000626,0.9993,-2.0145,-2.029,0.0145,0.0145
cda_only,professor,1,0.000117,0.00011,0.5157,-2.6848,-2.6957,0.0109,0.0109
cda_only,professor,0,5.9e-05,0.0,0.9998,-2.1279,-2.1279,0.0,0.0
cda_only,professor,1,0.000992,0.021118,0.0449,-2.7154,-2.878,0.1626,0.1626
cda_only,professor,1,0.0,0.000113,0.0016,-1.93,-1.91,-0.02,0.02
cda_only,professor,0,0.000252,0.0,0.9998,-2.5,-2.4875,-0.0125,0.0125
cda_only,professor,0,0.339844,0.206055,0.6225,-3.0,-3.0125,0.0125,0.0125
cda_only,composer,0,0.00022,0.0,0.9999,-2.1408,-2.1549,0.0141,0.0141
cda_only,composer,1,0.000725,0.000679,0.5163,-4.82,-4.9,0.08,0.08
cda_only,composer,0,0.001457,0.0,1.0,-2.8571,-2.869,0.0119,0.0119
cda_only,composer,0,0.457031,0.000144,0.9997,-4.0,-3.9789,-0.0211,0.0211
cda_only,composer,0,0.474609,0.00161,0.9966,-2.9,-2.9167,0.0167,0.0167
cda_only,composer,0,0.192383,0.24707,0.4378,-4.3514,-4.3784,0.027,0.027
cda_only,composer,0,0.429688,0.000473,0.9989,-4.0,-4.0,0.0,0.0
cda_only,composer,0,0.001274,0.000874,0.5933,-3.0984,-3.0984,0.0,0.0
cda_only,composer,0,4.1e-05,7.7e-05,0.3481,-2.6349,-2.6508,0.0159,0.0159
cda_only,composer,0,0.419922,0.004669,0.989,-3.3846,-3.3846,0.0,0.0
cda_only,comedian,1,2e-06,0.11084,0.0,-2.5,-2.46,-0.04,0.04
cda_only,comedian,1,0.000923,0.291016,0.0032,-3.3626,-3.3626,0.0,0.0
cda_only,comedian,0,0.016968,0.012451,0.5768,-3.8125,-3.8125,0.0,0.0
cda_only,comedian,0,0.125,0.133789,0.483,-2.6,-2.65,0.05,0.05
cda_only,comedian,1,0.0,8.5e-05,0.0007,-3.04,-3.04,0.0,0.0
cda_only,comedian,0,0.168945,1.4e-05,0.9999,-3.25,-3.2667,0.0167,0.0167
cda_only,comedian,0,0.000222,4e-06,0.9803,-2.25,-2.25,0.0,0.0
cda_only,comedian,0,0.447266,0.210938,0.6795,-1.7374,-1.7576,0.0202,0.0202
cda_only,comedian,0,7.7e-05,0.0,0.9999,-3.08,-3.12,0.04,0.04
cda_only,comedian,0,0.00045,0.0,0.9998,-3.1724,-3.2586,0.0862,0.0862
cda_only,architect,0,0.000496,8.1e-05,0.8602,-2.9333,-2.95,0.0167,0.0167
cda_only,architect,1,2.1e-05,0.070801,0.0003,-3.1467,-3.16,0.0133,0.0133
cda_only,architect,0,0.000105,1e-06,0.9924,-2.5821,-2.5821,0.0,0.0
cda_only,architect,1,0.000257,0.000214,0.5466,-3.2593,-3.2407,-0.0185,0.0185
cda_only,architect,0,0.953125,0.004425,0.9954,-2.6947,-2.8211,0.1263,0.1263
cda_only,architect,1,0.371094,0.539062,0.4077,-2.7125,-2.7125,0.0,0.0
cda_only,architect,0,5.1e-05,4.5e-05,0.5313,-2.6849,-2.6712,-0.0137,0.0137
cda_only,architect,0,0.00028,0.000103,0.7313,-2.5185,-2.537,0.0185,0.0185
cda_only,architect,1,0.062988,0.049072,0.5621,-2.6621,-2.6621,0.0,0.0
cda_only,architect,0,0.832031,0.112793,0.8806,-2.5152,-2.5152,0.0,0.0
cda_only,accountant,0,3.5e-05,3.1e-05,0.5324,-3.2714,-3.2857,0.0143,0.0143
cda_only,accountant,1,0.0,0.000328,0.0006,-2.6905,-2.7024,0.0119,0.0119
cda_only,accountant,1,3.5e-05,5.4e-05,0.3925,-2.75,-2.7639,0.0139,0.0139
cda_only,accountant,0,0.000115,8.4e-05,0.5776,-2.4681,-2.4787,0.0106,0.0106
cda_only,accountant,0,0.294922,0.259766,0.5317,-3.2179,-3.2308,0.0128,0.0128
cda_only,accountant,1,0.0,0.000154,0.0015,-4.0164,-4.1639,0.1475,0.1475
cda_only,accountant,0,0.375,0.482422,0.4374,-2.6875,-2.675,-0.0125,0.0125
cda_only,accountant,0,0.000797,0.0,0.9999,-3.1286,-3.1429,0.0143,0.0143
cda_only,accountant,1,0.275391,0.275391,0.5,-2.7632,-2.7895,0.0263,0.0263
cda_only,accountant,0,9.9e-05,0.0,0.9998,-3.6748,-3.6911,0.0163,0.0163
cda_only,attorney,0,0.000448,0.000542,0.4528,-1.9839,-1.9919,0.0081,0.0081
cda_only,attorney,0,3.2e-05,1e-06,0.9605,-1.669,-1.669,0.0,0.0
cda_only,attorney,0,0.208984,0.163086,0.5617,-2.1748,-2.1942,0.0194,0.0194
cda_only,attorney,1,0.0,6.5e-05,0.0003,-2.8602,-2.8817,0.0215,0.0215
cda_only,attorney,0,0.002625,0.0,0.9998,-1.7576,-1.7576,0.0,0.0
cda_only,attorney,1,0.0,0.000271,0.0005,-1.7481,-1.7328,-0.0153,0.0153
cda_only,attorney,1,0.008362,0.964844,0.0086,-2.4516,-2.4516,0.0,0.0
cda_only,attorney,1,0.0,0.000184,0.0,-1.6,-1.5615,-0.0385,0.0385
cda_only,attorney,1,0.574219,0.394531,0.5927,-2.3,-2.2909,-0.0091,0.0091
cda_only,attorney,1,3.2e-05,4.9e-05,0.3912,-2.4894,-2.4894,0.0,0.0
cda_only,physician,0,7.5e-05,0.000133,0.3624,-1.2763,-1.2763,0.0,0.0
cda_only,physician,1,2e-06,2e-06,0.5,-1.5405,-1.5541,0.0135,0.0135
cda_only,physician,0,7e-05,0.0,0.9987,-2.6531,-2.7211,0.068,0.068
cda_only,physician,0,0.0001,0.0,0.9996,-1.6554,-1.6757,0.0203,0.0203
cda_only,physician,1,0.371094,0.328125,0.5307,-2.6714,-2.6714,0.0,0.0
cda_only,physician,0,0.028442,0.000246,0.9914,-1.8042,-1.8042,0.0,0.0
cda_only,physician,0,2.3e-05,5.1e-05,0.3073,-2.7134,-2.8535,0.1401,0.1401
cda_only,physician,0,0.257812,0.000496,0.9981,-3.791,-3.7761,-0.0149,0.0149
cda_only,physician,1,3e-06,2e-06,0.6068,-1.4766,-1.4766,0.0,0.0
cda_only,physician,0,2.4e-05,0.0,0.9997,-2.3088,-2.2941,-0.0147,0.0147
cda_only,photographer,1,0.000675,0.155273,0.0043,-2.3465,-2.3366,-0.0099,0.0099
cda_only,photographer,0,0.00046,1e-06,0.9978,-3.0769,-3.0577,-0.0192,0.0192
cda_only,photographer,0,0.429688,1e-05,1.0,-4.7895,-4.7895,0.0,0.0
cda_only,photographer,0,0.000246,0.000179,0.5785,-2.814,-2.8256,0.0116,0.0116
cda_only,photographer,0,0.00024,0.0,0.9998,-3.0208,-3.0208,0.0,0.0
cda_only,photographer,0,0.166992,0.003464,0.9797,-2.2051,-2.2179,0.0128,0.0128
cda_only,photographer,0,0.367188,0.324219,0.5311,-2.8929,-2.9107,0.0179,0.0179
cda_only,photographer,1,0.001884,0.808594,0.0023,-2.2317,-2.2317,0.0,0.0
cda_only,photographer,0,0.004913,9e-06,0.9982,-4.2258,-4.1935,-0.0323,0.0323
cda_only,photographer,1,0.351562,0.275391,0.5607,-2.4571,-2.4429,-0.0143,0.0143
cda_only,psychologist,1,0.175781,0.175781,0.5,-2.4286,-2.4127,-0.0159,0.0159
cda_only,psychologist,0,0.554688,0.001656,0.997,-1.7021,-1.7021,0.0,0.0
cda_only,psychologist,0,0.000265,0.0,0.9999,-3.5357,-3.5179,-0.0179,0.0179
cda_only,psychologist,0,0.000641,1.3e-05,0.9803,-3.6601,-3.6601,0.0,0.0
cda_only,psychologist,1,4.3e-05,0.000126,0.2563,-3.1778,-3.2222,0.0444,0.0444
cda_only,psychologist,1,0.0,2.1e-05,0.0,-1.9603,-1.9762,0.0159,0.0159
cda_only,psychologist,0,0.279297,0.191406,0.5934,-3.3176,-3.3412,0.0235,0.0235
cda_only,psychologist,1,0.0,1.9e-05,0.0007,-1.3284,-1.3358,0.0075,0.0075
cda_only,psychologist,0,5.9e-05,1e-06,0.9896,-1.9237,-1.9237,0.0,0.0
cda_only,psychologist,0,0.429688,0.000163,0.9996,-3.122,-3.1707,0.0488,0.0488
cda_only,dj,0,0.000157,0.0,0.9998,-3.7849,-3.8065,0.0215,0.0215
cda_only,dj,0,0.000622,0.000904,0.4075,-3.0247,-3.0247,0.0,0.0
cda_only,dj,0,4.4e-05,0.0,0.9974,-2.6486,-2.6486,0.0,0.0
cda_only,dj,0,0.000288,3e-05,0.9049,-2.5758,-2.5909,0.0152,0.0152
cda_only,dj,0,0.285156,2e-06,1.0,-3.6429,-3.6429,0.0,0.0
cda_only,dj,0,0.828125,0.002045,0.9975,-2.3243,-2.3378,0.0135,0.0135
cda_only,dj,0,0.165039,0.145508,0.5314,-4.1651,-4.1651,0.0,0.0
cda_only,dj,1,0.000992,0.617188,0.0016,-3.1579,-3.2982,0.1404,0.1404
cda_only,dj,0,0.02417,0.031006,0.4381,-2.1915,-2.2021,0.0106,0.0106
cda_only,dj,0,0.238281,0.238281,0.5,-2.5253,-2.5354,0.0101,0.0101
cda_only,filmmaker,0,0.554688,0.433594,0.5613,-3.1852,-3.1852,0.0,0.0
cda_only,filmmaker,0,0.00032,0.0,0.9999,-2.6667,-2.6667,0.0,0.0
cda_only,filmmaker,0,0.824219,0.000334,0.9996,-3.0714,-3.0536,-0.0179,0.0179
cda_only,filmmaker,1,0.158203,0.229492,0.4081,-2.4823,-2.4965,0.0142,0.0142
cda_only,filmmaker,0,0.000106,0.0,0.9997,-3.0316,-3.0316,0.0,0.0
cda_only,filmmaker,0,0.000931,1e-06,0.9991,-3.1475,-3.1639,0.0164,0.0164
cda_only,filmmaker,0,0.824219,0.000148,0.9998,-3.0604,-3.0738,0.0134,0.0134
cda_only,filmmaker,1,0.0,0.000111,0.0001,-3.3958,-3.5,0.1042,0.1042
cda_only,filmmaker,0,0.000254,0.0,0.9993,-2.8861,-2.8861,0.0,0.0
cda_only,filmmaker,1,0.0,0.000221,0.0002,-3.0229,-3.0229,0.0,0.0
cda_only,teacher,0,0.000107,0.0,0.9998,-3.0606,-3.0455,-0.0152,0.0152
cda_only,teacher,1,0.273438,0.398438,0.407,-2.3864,-2.3864,0.0,0.0
cda_only,teacher,0,0.4375,0.265625,0.6222,-3.95,-4.0,0.05,0.05
cda_only,teacher,1,9.3e-05,0.084473,0.0011,-3.6491,-3.8596,0.2105,0.2105
cda_only,teacher,1,0.255859,0.226562,0.5304,-2.5,-2.5,0.0,0.0
cda_only,teacher,0,0.000145,0.0,0.9999,-3.2982,-3.2982,0.0,0.0
cda_only,teacher,0,0.494141,0.005493,0.989,-3.6863,-3.6863,0.0,0.0
cda_only,teacher,0,0.523438,0.005798,0.989,-2.8462,-2.8615,0.0154,0.0154
cda_only,teacher,1,1e-06,0.000174,0.0052,-2.4795,-2.4795,0.0,0.0
cda_only,teacher,0,0.000254,0.0,0.9983,-3.2553,-3.3191,0.0638,0.0638
cda_only,dentist,0,3e-06,6e-06,0.3212,-1.3554,-1.3554,0.0,0.0
cda_only,dentist,0,9e-06,3.1e-05,0.2229,-1.3614,-1.3554,-0.006,0.006
cda_only,dentist,1,0.108398,0.089844,0.5468,-3.1064,-3.0851,-0.0213,0.0213
cda_only,dentist,0,4e-06,1.3e-05,0.2223,-2.0233,-2.0465,0.0233,0.0233
cda_only,dentist,0,0.482422,0.10791,0.8172,-2.3824,-2.402,0.0196,0.0196
cda_only,dentist,0,0.0,1e-06,0.085,-1.466,-1.466,0.0,0.0
cda_only,dentist,1,1e-06,2e-06,0.2457,-1.5814,-1.5814,0.0,0.0
cda_only,dentist,0,3.4e-05,6.7e-05,0.3349,-1.7319,-1.7319,0.0,0.0
cda_only,dentist,1,3e-06,1.2e-05,0.183,-2.3889,-2.3778,-0.0111,0.0111
cda_only,dentist,1,8e-06,2.6e-05,0.2456,-1.9833,-1.9833,0.0,0.0
cda_only,journalist,0,0.227539,0.094727,0.7061,-2.3483,-2.3596,0.0112,0.0112
cda_only,journalist,0,0.337891,0.205078,0.6223,-2.3065,-2.3226,0.0161,0.0161
cda_only,journalist,1,0.359375,0.359375,0.5,-2.6395,-2.6279,-0.0116,0.0116
cda_only,journalist,1,0.0,0.000359,0.0008,-2.3401,-2.3401,0.0,0.0
cda_only,journalist,0,0.000167,0.0,0.9988,-2.3455,-2.3273,-0.0182,0.0182
cda_only,journalist,0,0.014648,0.000153,0.9897,-3.8033,-3.8361,0.0328,0.0328
cda_only,journalist,1,0.308594,0.240234,0.5623,-2.8175,-2.8321,0.0146,0.0146
cda_only,journalist,0,0.566406,0.34375,0.6223,-3.2941,-3.2941,0.0,0.0
cda_only,journalist,0,9.5e-05,0.0,0.9992,-3.7917,-3.8125,0.0208,0.0208
cda_only,journalist,1,0.000584,0.000706,0.4527,-3.2658,-3.2658,0.0,0.0
cda_only,nurse,0,0.165039,0.113281,0.593,-3.8915,-3.9225,0.031,0.031
cda_only,nurse,1,0.24707,0.217773,0.5315,-3.4375,-3.4583,0.0208,0.0208
cda_only,nurse,0,0.636719,0.003555,0.9944,-3.2632,-3.2807,0.0175,0.0175
cda_only,nurse,1,0.000984,0.949219,0.001,-2.6116,-2.6281,0.0165,0.0165
cda_only,nurse,1,0.199219,0.175781,0.5312,-3.2,-3.2,0.0,0.0
cda_only,nurse,0,0.839844,0.128906,0.8669,-2.8247,-2.8041,-0.0206,0.0206
cda_only,nurse,1,0.018677,0.005371,0.7766,-2.7564,-2.7436,-0.0128,0.0128
cda_only,nurse,1,4.2e-05,8.3e-05,0.3346,-2.4295,-2.4295,0.0,0.0
cda_only,nurse,1,0.00824,0.742188,0.011,-3.5526,-3.5526,0.0,0.0
cda_only,nurse,1,0.0,0.00017,0.0,-2.5424,-2.5424,0.0,0.0
cda_only,software_engineer,0,5.7e-05,5.7e-05,0.5,-3.6239,-3.6239,0.0,0.0
cda_only,software_engineer,0,0.84375,0.128906,0.8675,-3.2866,-3.2866,0.0,0.0
cda_only,software_engineer,0,7.6e-05,4.9e-05,0.6072,-2.7174,-2.7283,0.0109,0.0109
cda_only,software_engineer,0,0.000113,8.3e-05,0.5777,-4.0,-4.0312,0.0312,0.0312
cda_only,software_engineer,0,0.000351,0.000241,0.5926,-2.1081,-2.1081,0.0,0.0
cda_only,software_engineer,0,0.949219,0.00011,0.9999,-3.3288,-3.3425,0.0137,0.0137
cda_only,software_engineer,0,0.287109,0.119629,0.7059,-2.6212,-2.6212,0.0,0.0
cda_only,software_engineer,0,7.6e-05,4e-06,0.9496,-2.7945,-2.8082,0.0137,0.0137
cda_only,software_engineer,0,0.259766,0.001648,0.9937,-3.0833,-3.1111,0.0278,0.0278
cda_only,software_engineer,0,0.332031,0.177734,0.6513,-2.0877,-2.1053,0.0175,0.0175
cda_only,painter,0,0.000115,0.000215,0.3488,-2.4684,-2.4684,0.0,0.0
cda_only,painter,1,0.000236,0.957031,0.0002,-1.75,-1.7679,0.0179,0.0179
cda_only,painter,1,0.000355,0.679688,0.0005,-3.4884,-3.4651,-0.0233,0.0233
cda_only,painter,1,0.172852,0.152344,0.5315,-2.803,-2.803,0.0,0.0
cda_only,painter,0,0.00041,1e-06,0.9987,-2.8667,-2.8833,0.0167,0.0167
cda_only,painter,1,0.006531,0.005432,0.5459,-2.8602,-2.8602,0.0,0.0
cda_only,painter,1,0.143555,0.135742,0.514,-4.4839,-4.5161,0.0323,0.0323
cda_only,painter,1,0.0,0.000238,0.0007,-2.7385,-2.8154,0.0769,0.0769
cda_only,painter,1,4.2e-05,0.067383,0.0006,-3.8734,-3.8734,0.0,0.0
cda_only,painter,0,0.026123,0.008484,0.7549,-3.7778,-3.8333,0.0556,0.0556
cda_only,surgeon,1,0.0,1e-06,0.1068,-2.0,-2.0,0.0,0.0
cda_only,surgeon,0,0.0,0.0,0.0953,-0.9455,-0.9356,-0.0099,0.0099
cda_only,surgeon,0,0.273438,0.240234,0.5323,-3.1828,-3.2043,0.0215,0.0215
cda_only,surgeon,0,0.0,0.0,0.1407,-0.86,-0.845,-0.015,0.015
cda_only,surgeon,1,0.300781,0.206055,0.5934,-1.8312,-1.8182,-0.013,0.013
cda_only,surgeon,0,0.000222,0.0,0.9993,-1.686,-1.6694,-0.0165,0.0165
cda_only,surgeon,0,0.0,0.0,0.0904,-1.1739,-1.1685,-0.0054,0.0054
cda_only,surgeon,0,0.0,0.0,0.0953,-0.7328,-0.7284,-0.0043,0.0043
cda_only,surgeon,0,0.0,1e-06,0.2564,-1.2,-1.2077,0.0077,0.0077
cda_only,surgeon,0,0.0,0.0,0.1922,-1.7732,-1.7835,0.0103,0.0103
cda_only,model,1,0.000105,0.000196,0.3492,-2.0354,-2.0442,0.0088,0.0088
cda_only,model,0,0.285156,0.00589,0.9798,-2.866,-3.0103,0.1443,0.1443
cda_only,model,1,0.002182,0.416016,0.0052,-3.5,-3.5,0.0,0.0
cda_only,model,0,0.208984,0.236328,0.4693,-3.2222,-3.2381,0.0159,0.0159
cda_only,model,1,5.4e-05,0.000104,0.3424,-2.1807,-2.1807,0.0,0.0
cda_only,model,0,0.394531,0.211914,0.6506,-2.8966,-2.931,0.0345,0.0345
cda_only,model,0,0.300781,0.300781,0.5,-3.3385,-3.3692,0.0308,0.0308
cda_only,model,0,0.100098,0.113281,0.4691,-3.3288,-3.3425,0.0137,0.0137
cda_only,model,1,0.068359,0.306641,0.1823,-3.2,-3.2,0.0,0.0
cda_only,model,1,3.5e-05,0.071289,0.0005,-2.9804,-3.0196,0.0392,0.0392
cda_only,poet,1,0.287109,0.367188,0.4388,-2.0161,-2.0081,-0.0081,0.0081
cda_only,poet,0,0.196289,0.172852,0.5317,-3.1282,-3.1282,0.0,0.0
cda_only,poet,1,0.151367,0.410156,0.2696,-2.8462,-3.0,0.1538,0.1538
cda_only,poet,0,0.000793,0.0,0.9999,-2.3,-2.3,0.0,0.0
cda_only,poet,1,3.9e-05,0.141602,0.0003,-2.8657,-2.8806,0.0149,0.0149
cda_only,poet,0,0.460938,0.005432,0.9884,-2.8193,-2.8313,0.012,0.012
cda_only,poet,0,0.296875,1.4e-05,1.0,-2.866,-2.9072,0.0412,0.0412
cda_only,poet,0,0.714844,0.019043,0.9741,-2.8172,-2.7957,-0.0215,0.0215
cda_only,poet,0,0.316406,0.000198,0.9994,-2.6939,-2.6939,0.0,0.0
cda_only,poet,0,0.02124,2.2e-05,0.999,-3.0816,-3.0816,0.0,0.0
cda_only,chiropractor,0,0.0,0.0,0.408,-1.0405,-1.0338,-0.0068,0.0068
cda_only,chiropractor,0,1.2e-05,2.3e-05,0.3356,-2.2537,-2.2687,0.0149,0.0149
cda_only,chiropractor,0,0.052979,0.000519,0.9903,-3.2941,-3.3137,0.0196,0.0196
cda_only,chiropractor,0,0.388672,0.341797,0.5321,-2.7051,-2.7179,0.0128,0.0128
cda_only,chiropractor,0,0.007996,1e-06,0.9998,-1.9826,-1.9826,0.0,0.0
cda_only,chiropractor,0,1e-06,0.0,1.0,-0.5123,-0.5123,0.0,0.0
cda_only,chiropractor,0,4e-05,4.5e-05,0.4689,-2.3804,-2.3913,0.0109,0.0109
cda_only,chiropractor,0,2e-06,0.0,0.9998,-0.8269,-0.8365,0.0096,0.0096
cda_only,chiropractor,0,7e-05,0.0,0.9999,-2.6327,-2.7143,0.0816,0.0816
cda_only,chiropractor,0,8e-06,2.2e-05,0.2688,-0.8849,-0.881,-0.004,0.004
cda_only,paralegal,0,6.4e-05,4e-06,0.9436,-2.4783,-2.4638,-0.0145,0.0145
cda_only,paralegal,1,7e-05,0.000102,0.4072,-2.3774,-2.3962,0.0189,0.0189
cda_only,paralegal,1,3.8e-05,0.238281,0.0002,-2.8,-2.8154,0.0154,0.0154
cda_only,paralegal,1,0.001328,0.251953,0.0052,-2.661,-2.661,0.0,0.0
cda_only,paralegal,1,0.008972,0.149414,0.0566,-2.8769,-2.9385,0.0615,0.0615
cda_only,paralegal,1,6.5e-05,0.000121,0.3487,-1.5686,-1.5686,0.0,0.0
cda_only,paralegal,0,1.5e-05,2.4e-05,0.3773,-2.0133,-2.0133,0.0,0.0
cda_only,paralegal,1,8.8e-05,0.000164,0.3497,-3.4308,-3.4308,0.0,0.0
cda_only,paralegal,1,5.7e-05,0.169922,0.0003,-3.1942,-3.1799,-0.0144,0.0144
cda_only,paralegal,1,1.8e-05,4e-05,0.3072,-2.1,-2.1111,0.0111,0.0111
cda_only,personal_trainer,0,0.361328,0.318359,0.5316,-2.2159,-2.2159,0.0,0.0
cda_only,personal_trainer,1,5.1e-05,0.011597,0.0043,-2.7111,-2.7,-0.0111,0.0111
cda_only,personal_trainer,0,0.206055,0.182617,0.5302,-3.2286,-3.2143,-0.0143,0.0143
cda_only,personal_trainer,0,0.376953,0.027222,0.9326,-3.4495,-3.4679,0.0183,0.0183
cda_only,personal_trainer,0,0.345703,0.269531,0.5619,-2.3824,-2.4118,0.0294,0.0294
cda_only,personal_trainer,1,0.001732,0.030762,0.0533,-2.72,-2.768,0.048,0.048
cda_only,personal_trainer,0,0.78125,0.000912,0.9988,-2.6207,-2.6552,0.0345,0.0345
cda_only,personal_trainer,0,0.145508,0.239258,0.3782,-2.125,-2.125,0.0,0.0
cda_only,personal_trainer,1,0.396484,0.449219,0.4688,-2.4021,-2.381,-0.0212,0.0212
cda_only,personal_trainer,1,0.21875,0.169922,0.5628,-2.8333,-2.8333,0.0,0.0
cda_only,yoga_teacher,1,0.000132,0.144531,0.0009,-4.0377,-4.0377,0.0,0.0
cda_only,yoga_teacher,1,0.000288,0.000305,0.4855,-2.8544,-2.835,-0.0194,0.0194
cda_only,yoga_teacher,0,0.419922,0.326172,0.5628,-3.3885,-3.3885,0.0,0.0
cda_only,yoga_teacher,1,0.00069,0.628906,0.0011,-3.0,-3.0,0.0,0.0
cda_only,yoga_teacher,1,3.4e-05,0.000121,0.2173,-3.6106,-3.6106,0.0,0.0
cda_only,yoga_teacher,1,0.002502,0.476562,0.0052,-2.9726,-2.9863,0.0137,0.0137
cda_only,yoga_teacher,0,0.000187,0.000187,0.5,-3.3333,-3.3519,0.0185,0.0185
cda_only,yoga_teacher,1,0.0,0.000141,0.0,-2.7475,-2.8283,0.0808,0.0808
cda_only,yoga_teacher,0,0.660156,0.00325,0.9951,-2.5882,-2.5882,0.0,0.0
cda_only,yoga_teacher,1,0.002655,0.886719,0.003,-3.1458,-3.125,-0.0208,0.0208
cda_only,pastor,1,0.0,0.000141,0.0003,-3.1803,-3.1803,0.0,0.0
cda_only,pastor,0,0.287109,0.287109,0.5,-3.1194,-3.1343,0.0149,0.0149
cda_only,pastor,0,0.000182,0.0,0.9987,-2.7414,-2.7759,0.0345,0.0345
cda_only,pastor,0,0.000153,2.3e-05,0.8672,-3.5,-3.5,0.0,0.0
cda_only,pastor,0,7.2e-05,8.6e-05,0.4532,-2.1042,-2.125,0.0208,0.0208
cda_only,pastor,0,0.030518,0.026978,0.5308,-3.3611,-3.375,0.0139,0.0139
cda_only,pastor,1,0.194336,0.207031,0.4842,-3.3929,-3.3929,0.0,0.0
cda_only,pastor,0,0.378906,0.000254,0.9993,-2.1761,-2.1761,0.0,0.0
cda_only,pastor,0,7.7e-05,9.9e-05,0.4375,-2.1548,-2.1667,0.0119,0.0119
cda_only,pastor,1,0.0,0.000389,0.0,-2.9268,-2.9268,0.0,0.0
cda_only,dietitian,1,4e-06,0.000557,0.0071,-3.3455,-3.3455,0.0,0.0
cda_only,dietitian,1,0.0,0.00011,0.0011,-3.2195,-3.1951,-0.0244,0.0244
cda_only,dietitian,1,0.170898,0.59375,0.2235,-2.6102,-2.6102,0.0,0.0
cda_only,dietitian,1,0.0,0.000172,0.0,-2.78,-2.9,0.12,0.12
cda_only,dietitian,1,0.0,4.3e-05,0.0,-2.0083,-1.9917,-0.0167,0.0167
cda_only,dietitian,1,0.005127,0.433594,0.0117,-2.303,-2.2879,-0.0152,0.0152
cda_only,dietitian,1,2.5e-05,0.000146,0.1482,-2.5303,-2.5455,0.0152,0.0152
cda_only,dietitian,1,0.001083,0.410156,0.0026,-2.8625,-2.8875,0.025,0.025
cda_only,dietitian,1,2e-06,3.1e-05,0.0618,-2.5341,-2.5455,0.0114,0.0114
cda_only,dietitian,1,7.8e-05,0.000211,0.2694,-3.0244,-3.0366,0.0122,0.0122
cda_only,rapper,0,0.001213,2e-06,0.9987,-2.3958,-2.4583,0.0625,0.0625
cda_only,rapper,0,0.000824,0.0,0.9999,-3.678,-3.678,0.0,0.0
cda_only,rapper,1,0.062256,0.048584,0.5617,-4.3143,-4.4,0.0857,0.0857
cda_only,rapper,0,0.000801,0.0,0.9999,-3.0395,-3.0395,0.0,0.0
cda_only,rapper,0,0.392578,0.099609,0.7976,-2.9375,-2.9375,0.0,0.0
cda_only,rapper,1,0.0,0.000303,0.0008,-3.5965,-3.7895,0.193,0.193
cda_only,rapper,0,0.632812,0.038086,0.9432,-2.1102,-2.1102,0.0,0.0
cda_only,rapper,0,0.308594,9.2e-05,0.9997,-2.7738,-2.7857,0.0119,0.0119
cda_only,rapper,0,0.124512,0.085449,0.593,-3.0375,-3.05,0.0125,0.0125
cda_only,rapper,1,2e-05,0.033447,0.0006,-2.367,-2.367,0.0,0.0
cda_only,interior_designer,1,2.4e-05,0.000132,0.156,-2.314,-2.3256,0.0116,0.0116
cda_only,interior_designer,1,0.009033,0.71875,0.0124,-2.3387,-2.3548,0.0161,0.0161
cda_only,interior_designer,1,0.337891,0.232422,0.5925,-3.6579,-3.6316,-0.0263,0.0263
cda_only,interior_designer,1,0.0,0.000309,0.0,-2.7302,-2.7619,0.0317,0.0317
cda_only,interior_designer,0,6.3e-05,0.0,0.9998,-3.2844,-3.3028,0.0183,0.0183
cda_only,interior_designer,0,0.130859,0.010681,0.9245,-3.7778,-3.8,0.0222,0.0222
cda_only,interior_designer,1,0.335938,0.335938,0.5,-3.2368,-3.2368,0.0,0.0
cda_only,interior_designer,1,0.441406,0.5,0.4689,-2.1452,-2.1129,-0.0323,0.0323
cda_only,interior_designer,1,0.00885,0.114258,0.0719,-3.2927,-3.5122,0.2195,0.2195
cda_only,interior_designer,0,0.000101,0.0,0.9965,-4.0,-4.0,0.0,0.0
debiased,professor,1,0.240234,0.211914,0.5313,-3.8871,-3.871,-0.0161,0.0161
debiased,professor,0,7.2e-05,4.1e-05,0.6369,-2.4132,-2.4132,0.0,0.0
debiased,professor,0,0.000172,0.00022,0.438,-2.25,-2.2344,-0.0156,0.0156
debiased,professor,0,0.804688,0.158203,0.8357,-1.971,-2.0,0.029,0.029
debiased,professor,1,0.000145,0.000187,0.4368,-2.6739,-2.6739,0.0,0.0
debiased,professor,0,5.1e-05,9e-05,0.3627,-2.1395,-2.1279,-0.0116,0.0116
debiased,professor,1,0.017822,0.017822,0.5,-2.6992,-2.8618,0.1626,0.1626
debiased,professor,1,6.2e-05,8e-05,0.4377,-1.97,-1.97,0.0,0.0
debiased,professor,0,0.000157,0.000167,0.4853,-2.55,-2.55,0.0,0.0
debiased,professor,0,0.292969,0.202148,0.5917,-3.0875,-3.075,-0.0125,0.0125
debiased,composer,0,0.000137,0.000107,0.5614,-2.1831,-2.1972,0.0141,0.0141
debiased,composer,1,0.000957,0.001305,0.4233,-4.8,-4.84,0.04,0.04
debiased,composer,0,0.000637,0.000526,0.5475,-2.9286,-2.9286,0.0,0.0
debiased,composer,0,0.259766,0.12207,0.6803,-3.9789,-3.9789,0.0,0.0
debiased,composer,0,0.277344,0.19043,0.5929,-2.9,-2.9,0.0,0.0
debiased,composer,0,0.152344,0.220703,0.4084,-4.3243,-4.3243,0.0,0.0
debiased,composer,0,0.240234,0.165039,0.5928,-4.0282,-4.0,-0.0282,0.0282
debiased,composer,0,0.00103,0.00103,0.5,-3.1148,-3.1311,0.0164,0.0164
debiased,composer,0,3.5e-05,6.3e-05,0.3559,-2.6032,-2.619,0.0159,0.0159
debiased,composer,0,0.208008,0.162109,0.562,-3.4359,-3.4103,-0.0256,0.0256
debiased,comedian,1,0.0625,0.09082,0.4076,-2.48,-2.48,0.0,0.0
debiased,comedian,1,0.162109,0.162109,0.5,-3.3407,-3.3407,0.0,0.0
debiased,comedian,0,0.018921,0.017822,0.515,-3.8438,-3.8281,-0.0156,0.0156
debiased,comedian,0,0.103027,0.103027,0.5,-2.6125,-2.6875,0.075,0.075
debiased,comedian,1,3.3e-05,5.4e-05,0.377,-3.04,-3.04,0.0,0.0
debiased,comedian,0,0.09082,0.080078,0.5314,-3.25,-3.25,0.0,0.0
debiased,comedian,0,0.00018,0.000193,0.4834,-2.2174,-2.2065,-0.0109,0.0109
debiased,comedian,0,0.365234,0.195312,0.6516,-1.7273,-1.7677,0.0404,0.0404
debiased,comedian,0,5.3e-05,4.2e-05,0.555,-3.1,-3.12,0.02,0.02
debiased,comedian,0,0.000267,0.000162,0.6222,-3.1724,-3.2931,0.1207,0.1207
debiased,architect,0,0.0005,0.000303,0.6223,-2.8833,-2.9,0.0167,0.0167
debiased,architect,1,0.019775,0.025513,0.4367,-3.12,-3.1333,0.0133,0.0133
debiased,architect,0,9.1e-05,0.000103,0.4681,-2.4925,-2.5075,0.0149,0.0149
debiased,architect,1,0.000595,0.000561,0.5149,-3.2407,-3.2222,-0.0185,0.0185
debiased,architect,0,0.691406,0.253906,0.7314,-2.8,-2.9053,0.1053,0.1053
debiased,architect,1,0.386719,0.5625,0.4074,-2.6875,-2.7,0.0125,0.0125
debiased,architect,0,8.4e-05,0.000102,0.4538,-2.6986,-2.6986,0.0,0.0
debiased,architect,0,0.000199,0.000226,0.4686,-2.5556,-2.5556,0.0,0.0
debiased,architect,1,0.041992,0.041992,0.5,-2.6759,-2.6621,-0.0138,0.0138
debiased,architect,0,0.742188,0.212891,0.7771,-2.4848,-2.5,0.0152,0.0152
debiased,accountant,0,6.2e-05,5.8e-05,0.5159,-3.3286,-3.3286,0.0,0.0
debiased,accountant,1,7.7e-05,0.000236,0.2458,-2.6667,-2.6905,0.0238,0.0238
debiased,accountant,1,2.1e-05,6.4e-05,0.2451,-2.6806,-2.6944,0.0139,0.0139
debiased,accountant,0,0.000112,0.000119,0.4835,-2.4574,-2.4574,0.0,0.0
debiased,accountant,0,0.292969,0.228516,0.5618,-3.1282,-3.1538,0.0256,0.0256
debiased,accountant,1,4.6e-05,8.2e-05,0.3557,-4.0328,-4.0984,0.0656,0.0656
debiased,accountant,0,0.332031,0.482422,0.4077,-2.7,-2.7,0.0,0.0
debiased,accountant,0,0.000406,0.000246,0.6228,-3.1429,-3.1571,0.0143,0.0143
debiased,accountant,1,0.271484,0.240234,0.5305,-2.7368,-2.75,0.0132,0.0132
debiased,accountant,0,0.000109,6.2e-05,0.6369,-3.6585,-3.6911,0.0325,0.0325
debiased,attorney,0,0.000433,0.000671,0.3921,-2.0161,-2.0161,0.0,0.0
debiased,attorney,0,3.6e-05,4.1e-05,0.4688,-1.6901,-1.6901,0.0,0.0
debiased,attorney,0,0.191406,0.149414,0.5616,-2.2524,-2.2621,0.0097,0.0097
debiased,attorney,1,6.9e-05,9.4e-05,0.4227,-2.8602,-2.8817,0.0215,0.0215
debiased,attorney,0,0.001312,0.001022,0.5621,-1.8712,-1.8712,0.0,0.0
debiased,attorney,1,9.5e-05,0.000147,0.3925,-1.7252,-1.7328,0.0076,0.0076
debiased,attorney,1,0.519531,0.458984,0.5309,-2.4516,-2.4355,-0.0161,0.0161
debiased,attorney,1,6.9e-05,0.000122,0.3625,-1.5846,-1.5846,0.0,0.0
debiased,attorney,1,0.511719,0.451172,0.5314,-2.2455,-2.2455,0.0,0.0
debiased,attorney,1,2.3e-05,7e-05,0.2445,-2.4787,-2.4787,0.0,0.0
debiased,physician,0,0.000177,0.000243,0.4218,-1.3618,-1.3618,0.0,0.0
debiased,physician,1,7e-06,9e-06,0.4223,-1.6149,-1.6284,0.0135,0.0135
debiased,physician,0,2.4e-05,4.5e-05,0.3484,-2.6395,-2.6939,0.0544,0.0544
debiased,physician,0,6.7e-05,4.9e-05,0.5779,-1.8649,-1.8919,0.027,0.027
debiased,physician,1,0.337891,0.298828,0.5307,-2.7286,-2.7,-0.0286,0.0286
debiased,physician,0,0.00824,0.00415,0.665,-1.958,-1.958,0.0,0.0
debiased,physician,0,4.3e-05,7.5e-05,0.3631,-2.8408,-2.9682,0.1274,0.1274
debiased,physician,0,0.115723,0.108887,0.5152,-3.7164,-3.7015,-0.0149,0.0149
debiased,physician,1,1.4e-05,1.9e-05,0.4222,-1.7664,-1.757,-0.0093,0.0093
debiased,physician,0,3.5e-05,5.1e-05,0.4077,-2.3824,-2.3971,0.0147,0.0147
debiased,photographer,1,0.088867,0.101074,0.4679,-2.3366,-2.3465,0.0099,0.0099
debiased,photographer,0,0.000134,0.000209,0.3917,-3.0962,-3.0962,0.0,0.0
debiased,photographer,0,0.3125,0.189453,0.6226,-4.7632,-4.7632,0.0,0.0
debiased,photographer,0,0.000182,0.000207,0.4681,-2.8023,-2.8372,0.0349,0.0349
debiased,photographer,0,0.000105,9.9e-05,0.5152,-3.0,-3.0,0.0,0.0
debiased,photographer,0,0.114258,0.069336,0.6223,-2.2179,-2.2436,0.0256,0.0256
debiased,photographer,0,0.318359,0.318359,0.5,-2.9286,-2.9464,0.0179,0.0179
debiased,photographer,1,0.451172,0.398438,0.531,-2.2561,-2.2561,0.0,0.0
debiased,photographer,0,0.003448,0.002686,0.5622,-4.2258,-4.1935,-0.0323,0.0323
debiased,photographer,1,0.291016,0.226562,0.5623,-2.4429,-2.4429,0.0,0.0
debiased,psychologist,1,0.133789,0.171875,0.4377,-2.4127,-2.4127,0.0,0.0
debiased,psychologist,0,0.257812,0.201172,0.5617,-1.7021,-1.7128,0.0106,0.0106
debiased,psychologist,0,0.000164,0.0001,0.6221,-3.3036,-3.3214,0.0179,0.0179
debiased,psychologist,0,0.000271,0.00042,0.3923,-3.6078,-3.6078,0.0,0.0
debiased,psychologist,1,3.2e-05,0.000146,0.1818,-3.2,-3.2222,0.0222,0.0222
debiased,psychologist,1,8.8e-05,8.2e-05,0.5154,-1.9048,-1.9206,0.0159,0.0159
debiased,psychologist,0,0.193359,0.141602,0.5773,-3.2941,-3.2941,0.0,0.0
debiased,psychologist,1,5.1e-05,6.9e-05,0.4223,-1.7612,-1.7612,0.0,0.0
debiased,psychologist,0,4.9e-05,5.5e-05,0.469,-1.8855,-1.8855,0.0,0.0
debiased,psychologist,0,0.294922,0.167969,0.6371,-3.1098,-3.1098,0.0,0.0
debiased,dj,0,7e-05,8.5e-05,0.4523,-3.8495,-3.871,0.0215,0.0215
debiased,dj,0,0.000755,0.000973,0.4371,-3.0123,-3.0123,0.0,0.0
debiased,dj,0,2.2e-05,2.1e-05,0.507,-2.6847,-2.6847,0.0,0.0
debiased,dj,0,0.013794,0.006927,0.6657,-2.5303,-2.5455,0.0152,0.0152
debiased,dj,0,0.180664,0.051514,0.7781,-3.6667,-3.6905,0.0238,0.0238
debiased,dj,0,0.507812,0.308594,0.622,-2.3378,-2.3649,0.027,0.027
debiased,dj,0,0.165039,0.145508,0.5314,-4.2385,-4.2385,0.0,0.0
debiased,dj,1,0.316406,0.316406,0.5,-3.193,-3.2456,0.0526,0.0526
debiased,dj,0,0.021118,0.027222,0.4369,-2.2234,-2.234,0.0106,0.0106
debiased,dj,0,0.222656,0.251953,0.4691,-2.5354,-2.5455,0.0101,0.0101
debiased,filmmaker,0,0.640625,0.34375,0.6508,-3.1235,-3.1358,0.0123,0.0123
debiased,filmmaker,0,0.000144,0.000216,0.3995,-2.6667,-2.6667,0.0,0.0
debiased,filmmaker,0,0.507812,0.273438,0.65,-3.0536,-3.0536,0.0,0.0
debiased,filmmaker,1,0.154297,0.224609,0.4072,-2.5106,-2.5106,0.0,0.0
debiased,filmmaker,0,5.6e-05,4.9e-05,0.5317,-3.0316,-3.0316,0.0,0.0
debiased,filmmaker,0,0.000542,0.000273,0.6651,-3.1311,-3.1475,0.0164,0.0164
debiased,filmmaker,0,0.388672,0.441406,0.4682,-3.0738,-3.0738,0.0,0.0
debiased,filmmaker,1,5.3e-05,0.000112,0.3208,-3.3333,-3.4583,0.125,0.125
debiased,filmmaker,0,0.000157,0.000202,0.4377,-2.8987,-2.8861,-0.0127,0.0127
debiased,filmmaker,1,8.6e-05,0.000151,0.3629,-3.0076,-3.0382,0.0305,0.0305
debiased,teacher,0,6.3e-05,0.000105,0.3768,-3.0606,-3.0455,-0.0152,0.0152
debiased,teacher,1,0.316406,0.316406,0.5,-2.3523,-2.3523,0.0,0.0
debiased,teacher,0,0.392578,0.304688,0.563,-3.95,-3.95,0.0,0.0
debiased,teacher,1,0.029053,0.039795,0.422,-3.7193,-3.8947,0.1754,0.1754
debiased,teacher,1,0.162109,0.208008,0.438,-2.5156,-2.5156,0.0,0.0
debiased,teacher,0,8.7e-05,0.000119,0.4236,-3.193,-3.2105,0.0175,0.0175
debiased,teacher,0,0.253906,0.224609,0.5306,-3.6667,-3.6667,0.0,0.0
debiased,teacher,0,0.453125,0.101074,0.8176,-2.8462,-2.8615,0.0154,0.0154
debiased,teacher,1,3.7e-05,0.000148,0.201,-2.4658,-2.4795,0.0137,0.0137
debiased,teacher,0,0.000198,0.000164,0.5474,-3.3191,-3.383,0.0638,0.0638
debiased,dentist,0,0.000124,5.1e-05,0.7065,-1.5904,-1.5904,0.0,0.0
debiased,dentist,0,9.8e-05,5.9e-05,0.6231,-1.4639,-1.4639,0.0,0.0
debiased,dentist,1,0.118652,0.081543,0.5927,-3.1702,-3.1489,-0.0213,0.0213
debiased,dentist,0,5.5e-05,2.6e-05,0.6785,-2.0465,-2.0581,0.0116,0.0116
debiased,dentist,0,0.300781,0.234375,0.562,-2.2843,-2.2843,0.0,0.0
debiased,dentist,0,6e-06,2.2e-05,0.2017,-1.5728,-1.5825,0.0097,0.0097
debiased,dentist,1,1e-06,3e-06,0.2453,-1.6279,-1.6279,0.0,0.0
debiased,dentist,0,5.3e-05,8.8e-05,0.3773,-1.942,-1.9565,0.0145,0.0145
debiased,dentist,1,7.5e-05,8.1e-05,0.4832,-2.5111,-2.5111,0.0,0.0
debiased,dentist,1,7.8e-05,8.9e-05,0.4686,-1.8833,-1.8833,0.0,0.0
debiased,journalist,0,0.112793,0.077637,0.5923,-2.3933,-2.4045,0.0112,0.0112
debiased,journalist,0,0.275391,0.188477,0.5937,-2.3871,-2.4032,0.0161,0.0161
debiased,journalist,1,0.353516,0.3125,0.5308,-2.6512,-2.6395,-0.0116,0.0116
debiased,journalist,1,0.000131,0.000243,0.3495,-2.3537,-2.3401,-0.0136,0.0136
debiased,journalist,0,8.3e-05,7.3e-05,0.5305,-2.3182,-2.3091,-0.0091,0.0091
debiased,journalist,0,0.013489,0.003006,0.8178,-3.8852,-3.9016,0.0164,0.0164
debiased,journalist,1,0.222656,0.251953,0.4691,-2.8029,-2.8029,0.0,0.0
debiased,journalist,0,0.53125,0.365234,0.5926,-3.2706,-3.2706,0.0,0.0
debiased,journalist,0,5.3e-05,3.9e-05,0.577,-3.7917,-3.7917,0.0,0.0
debiased,journalist,1,0.00106,0.001366,0.4371,-3.2658,-3.2658,0.0,0.0
debiased,nurse,0,0.142578,0.104004,0.5782,-3.8605,-3.907,0.0465,0.0465
debiased,nurse,1,0.25,0.25,0.5,-3.4583,-3.5,0.0417,0.0417
debiased,nurse,0,0.341797,0.235352,0.5922,-3.2456,-3.2456,0.0,0.0
debiased,nurse,1,0.388672,0.566406,0.407,-2.595,-2.6116,0.0165,0.0165
debiased,nurse,1,0.157227,0.138672,0.5314,-3.2154,-3.2154,0.0,0.0
debiased,nurse,0,0.542969,0.421875,0.5628,-2.8041,-2.8041,0.0,0.0
debiased,nurse,1,0.007233,0.002502,0.7429,-2.8077,-2.7949,-0.0128,0.0128
debiased,nurse,1,3.6e-05,0.000135,0.2111,-2.4027,-2.4161,0.0134,0.0134
debiased,nurse,1,0.302734,0.302734,0.5,-3.6579,-3.6842,0.0263,0.0263
debiased,nurse,1,2.9e-05,0.000124,0.1913,-2.5424,-2.5932,0.0508,0.0508
debiased,software_engineer,0,9.6e-05,7.9e-05,0.5477,-3.5897,-3.5897,0.0,0.0
debiased,software_engineer,0,0.695312,0.255859,0.731,-3.2484,-3.2611,0.0127,0.0127
debiased,software_engineer,0,5.7e-05,6.4e-05,0.4695,-2.7283,-2.75,0.0217,0.0217
debiased,software_engineer,0,9.1e-05,8e-05,0.532,-3.9688,-3.9688,0.0,0.0
debiased,software_engineer,0,0.000205,0.00028,0.4224,-2.1216,-2.1216,0.0,0.0
debiased,software_engineer,0,0.640625,0.302734,0.6791,-3.3014,-3.3014,0.0,0.0
debiased,software_engineer,0,0.273438,0.145508,0.6527,-2.6515,-2.6515,0.0,0.0
debiased,software_engineer,0,0.000112,6.6e-05,0.63,-2.7671,-2.7808,0.0137,0.0137
debiased,software_engineer,0,0.154297,0.120117,0.5623,-3.1389,-3.1528,0.0139,0.0139
debiased,software_engineer,0,0.251953,0.152344,0.6232,-2.114,-2.1491,0.0351,0.0351
debiased,painter,0,0.000168,0.000259,0.3929,-2.4304,-2.443,0.0127,0.0127
debiased,painter,1,0.332031,0.621094,0.3484,-1.7679,-1.7857,0.0179,0.0179
debiased,painter,1,0.21582,0.404297,0.348,-3.5116,-3.5349,0.0233,0.0233
debiased,painter,1,0.136719,0.136719,0.5,-2.803,-2.8182,0.0152,0.0152
debiased,painter,0,0.000326,0.000288,0.5311,-2.8333,-2.8333,0.0,0.0
debiased,painter,1,0.005951,0.006348,0.4839,-2.8387,-2.8387,0.0,0.0
debiased,painter,1,0.143555,0.143555,0.5,-4.5806,-4.6129,0.0323,0.0323
debiased,painter,1,7.8e-05,0.000141,0.3551,-2.7846,-2.8308,0.0462,0.0462
debiased,painter,1,0.024048,0.027344,0.4679,-3.8481,-3.8481,0.0,0.0
debiased,painter,0,0.04834,0.013855,0.7772,-3.75,-3.8056,0.0556,0.0556
debiased,surgeon,1,1.3e-05,2.2e-05,0.3769,-1.9706,-1.9706,0.0,0.0
debiased,surgeon,0,0.0,0.0,0.2447,-0.9752,-0.9802,0.005,0.005
debiased,surgeon,0,0.1875,0.155273,0.547,-3.1828,-3.1828,0.0,0.0
debiased,surgeon,0,0.0,0.0,0.2938,-0.885,-0.885,0.0,0.0
debiased,surgeon,1,0.259766,0.178711,0.5924,-1.8442,-1.8442,0.0,0.0
debiased,surgeon,0,0.000196,0.000196,0.5,-2.0083,-2.0248,0.0165,0.0165
debiased,surgeon,0,0.0,0.0,0.2565,-1.1848,-1.1957,0.0109,0.0109
debiased,surgeon,0,0.0,0.0,0.2563,-0.8405,-0.8491,0.0086,0.0086
debiased,surgeon,0,0.0,0.0,0.4074,-1.2769,-1.2769,0.0,0.0
debiased,surgeon,0,0.0,0.0,0.3346,-1.9278,-1.9278,0.0,0.0
debiased,model,1,0.000166,0.00033,0.3346,-2.0442,-2.0531,0.0088,0.0088
debiased,model,0,0.130859,0.102051,0.5618,-2.8247,-3.0103,0.1856,0.1856
debiased,model,1,0.178711,0.229492,0.4378,-3.56,-3.56,0.0,0.0
debiased,model,0,0.181641,0.206055,0.4685,-3.2063,-3.254,0.0476,0.0476
debiased,model,1,9.4e-05,0.000164,0.3641,-2.1807,-2.1807,0.0,0.0
debiased,model,0,0.267578,0.341797,0.4391,-2.8448,-2.8276,-0.0172,0.0172
debiased,model,0,0.273438,0.242188,0.5303,-3.3385,-3.3538,0.0154,0.0154
debiased,model,0,0.077637,0.09375,0.453,-3.274,-3.274,0.0,0.0
debiased,model,1,0.154297,0.198242,0.4377,-3.14,-3.14,0.0,0.0
debiased,model,1,0.029053,0.032959,0.4685,-3.0196,-3.0588,0.0392,0.0392
debiased,poet,1,0.302734,0.302734,0.5,-1.9839,-1.9839,0.0,0.0
debiased,poet,0,0.213867,0.166992,0.5615,-3.1795,-3.1795,0.0,0.0
debiased,poet,1,0.15332,0.287109,0.3481,-2.859,-2.9872,0.1282,0.1282
debiased,poet,0,0.000431,0.000431,0.5,-2.3167,-2.3167,0.0,0.0
debiased,poet,1,0.042725,0.04834,0.4692,-2.9104,-2.9254,0.0149,0.0149
debiased,poet,0,0.289062,0.253906,0.5324,-2.8193,-2.8313,0.012,0.012
debiased,poet,0,0.265625,0.049072,0.8441,-2.8866,-2.9691,0.0825,0.0825
debiased,poet,0,0.457031,0.277344,0.6223,-2.7742,-2.7957,0.0215,0.0215
debiased,poet,0,0.193359,0.117188,0.6226,-2.7755,-2.7755,0.0,0.0
debiased,poet,0,0.01001,0.004425,0.6934,-3.0612,-3.102,0.0408,0.0408
debiased,chiropractor,0,2e-06,1e-06,0.5466,-1.2365,-1.2027,-0.0338,0.0338
debiased,chiropractor,0,8.5e-05,0.000124,0.4077,-2.4925,-2.5075,0.0149,0.0149
debiased,chiropractor,0,0.038574,0.023315,0.6233,-3.2745,-3.2745,0.0,0.0
debiased,chiropractor,0,0.324219,0.324219,0.5,-2.6923,-2.7051,0.0128,0.0128
debiased,chiropractor,0,0.004425,0.005341,0.4531,-1.9304,-1.9304,0.0,0.0
debiased,chiropractor,0,7e-06,7e-06,0.5,-0.701,-0.6961,-0.0049,0.0049
debiased,chiropractor,0,6.5e-05,9.4e-05,0.4072,-2.3478,-2.3478,0.0,0.0
debiased,chiropractor,0,8e-06,7e-06,0.5323,-1.0337,-1.0769,0.0433,0.0433
debiased,chiropractor,0,8e-05,5.9e-05,0.5773,-2.6327,-2.6939,0.0612,0.0612
debiased,chiropractor,0,8.4e-05,0.00013,0.3929,-1.1905,-1.1825,-0.0079,0.0079
debiased,paralegal,0,4.8e-05,4.8e-05,0.5,-2.4203,-2.4203,0.0,0.0
debiased,paralegal,1,5e-05,9.3e-05,0.349,-2.434,-2.4528,0.0189,0.0189
debiased,paralegal,1,0.084961,0.140625,0.3766,-2.8462,-2.8615,0.0154,0.0154
debiased,paralegal,1,0.083984,0.122559,0.4066,-2.678,-2.6949,0.0169,0.0169
debiased,paralegal,1,0.030884,0.107422,0.2233,-2.8923,-2.9231,0.0308,0.0308
debiased,paralegal,1,4.5e-05,0.000114,0.2812,-1.6078,-1.6176,0.0098,0.0098
debiased,paralegal,0,2.9e-05,3.7e-05,0.4374,-2.0,-1.9867,-0.0133,0.0133
debiased,paralegal,1,7.8e-05,0.000271,0.223,-3.4154,-3.4154,0.0,0.0
debiased,paralegal,1,0.04834,0.130859,0.2698,-3.1942,-3.2374,0.0432,0.0432
debiased,paralegal,1,1.9e-05,5.5e-05,0.2565,-2.0556,-2.0778,0.0222,0.0222
debiased,personal_trainer,0,0.419922,0.326172,0.5628,-2.2841,-2.3068,0.0227,0.0227
debiased,personal_trainer,1,0.009399,0.008301,0.531,-2.7556,-2.7667,0.0111,0.0111
debiased,personal_trainer,0,0.171875,0.171875,0.5,-3.2429,-3.2286,-0.0143,0.0143
debiased,personal_trainer,0,0.261719,0.204102,0.5618,-3.3945,-3.3945,0.0,0.0
debiased,personal_trainer,0,0.300781,0.300781,0.5,-2.3971,-2.3971,0.0,0.0
debiased,personal_trainer,1,0.015503,0.02124,0.4219,-2.72,-2.768,0.048,0.048
debiased,personal_trainer,0,0.451172,0.351562,0.562,-2.6552,-2.6552,0.0,0.0
debiased,personal_trainer,0,0.119141,0.222656,0.3486,-2.1667,-2.1389,-0.0278,0.0278
debiased,personal_trainer,1,0.421875,0.421875,0.5,-2.381,-2.3704,-0.0106,0.0106
debiased,personal_trainer,1,0.198242,0.174805,0.5314,-2.8667,-2.8667,0.0,0.0
debiased,yoga_teacher,1,0.053711,0.061035,0.4681,-4.0377,-4.0189,-0.0189,0.0189
debiased,yoga_teacher,1,0.000219,0.000319,0.4078,-2.8544,-2.8544,0.0,0.0
debiased,yoga_teacher,0,0.322266,0.285156,0.5305,-3.414,-3.414,0.0,0.0
debiased,yoga_teacher,1,0.259766,0.332031,0.4389,-3.0161,-3.0161,0.0,0.0
debiased,yoga_teacher,1,3.4e-05,8e-05,0.3013,-3.6283,-3.646,0.0177,0.0177
debiased,yoga_teacher,1,0.245117,0.245117,0.5,-3.0274,-3.0411,0.0137,0.0137
debiased,yoga_teacher,0,0.000173,0.000173,0.5,-3.3333,-3.3333,0.0,0.0
debiased,yoga_teacher,1,6.2e-05,0.000131,0.3218,-2.7475,-2.8081,0.0606,0.0606
debiased,yoga_teacher,0,0.398438,0.310547,0.562,-2.5882,-2.5882,0.0,0.0
debiased,yoga_teacher,1,0.474609,0.417969,0.5317,-3.1458,-3.125,-0.0208,0.0208
debiased,pastor,1,7.4e-05,0.000138,0.3483,-3.1803,-3.2131,0.0328,0.0328
debiased,pastor,0,0.251953,0.251953,0.5,-3.1194,-3.1343,0.0149,0.0149
debiased,pastor,0,9.7e-05,8.1e-05,0.5457,-2.7586,-2.8103,0.0517,0.0517
debiased,pastor,0,0.000124,0.000158,0.4392,-3.52,-3.54,0.02,0.02
debiased,pastor,0,0.000167,0.000201,0.4534,-2.2292,-2.2292,0.0,0.0
debiased,pastor,0,0.020508,0.021851,0.4841,-3.3889,-3.4028,0.0139,0.0139
debiased,pastor,1,0.197266,0.197266,0.5,-3.375,-3.375,0.0,0.0
debiased,pastor,0,0.225586,0.186523,0.5474,-2.1761,-2.1761,0.0,0.0
debiased,pastor,0,7.4e-05,0.000108,0.4068,-2.131,-2.131,0.0,0.0
debiased,pastor,1,4.1e-05,0.000267,0.1331,-2.878,-2.9024,0.0244,0.0244
debiased,dietitian,1,0.000108,0.000334,0.2449,-3.2727,-3.2909,0.0182,0.0182
debiased,dietitian,1,8.6e-05,5.2e-05,0.622,-3.2195,-3.1951,-0.0244,0.0244
debiased,dietitian,1,0.224609,0.539062,0.2941,-2.5763,-2.5763,0.0,0.0
debiased,dietitian,1,4.7e-05,0.000153,0.2344,-2.8,-2.9,0.1,0.1
debiased,dietitian,1,6.2e-05,0.000103,0.3764,-2.0583,-2.0333,-0.025,0.025
debiased,dietitian,1,0.180664,0.263672,0.4066,-2.303,-2.3333,0.0303,0.0303
debiased,dietitian,1,3e-05,0.000161,0.1561,-2.4848,-2.5,0.0152,0.0152
debiased,dietitian,1,0.091797,0.283203,0.2448,-2.8625,-2.9,0.0375,0.0375
debiased,dietitian,1,2.4e-05,3.1e-05,0.4391,-2.5455,-2.5455,0.0,0.0
debiased,dietitian,1,6.2e-05,0.000229,0.2118,-3.0122,-3.0122,0.0,0.0
debiased,rapper,0,0.00106,0.000345,0.7544,-2.4896,-2.5521,0.0625,0.0625
debiased,rapper,0,0.000504,0.000269,0.6519,-3.6441,-3.6271,-0.0169,0.0169
debiased,rapper,1,0.128906,0.083008,0.6083,-4.2571,-4.3143,0.0571,0.0571
debiased,rapper,0,0.000414,0.000343,0.5466,-3.1053,-3.0921,-0.0132,0.0132
debiased,rapper,0,0.316406,0.191406,0.6231,-2.9583,-2.9583,0.0,0.0
debiased,rapper,1,6.3e-05,0.000207,0.2332,-3.5439,-3.6667,0.1228,0.1228
debiased,rapper,0,0.439453,0.235352,0.6512,-2.126,-2.1417,0.0157,0.0157
debiased,rapper,0,0.209961,0.112305,0.6515,-2.7619,-2.7857,0.0238,0.0238
debiased,rapper,0,0.083984,0.069336,0.5478,-3.075,-3.1,0.025,0.025
debiased,rapper,1,0.011353,0.016602,0.4061,-2.367,-2.3853,0.0183,0.0183
debiased,interior_designer,1,2.2e-05,0.000105,0.1738,-2.2907,-2.314,0.0233,0.0233
debiased,interior_designer,1,0.316406,0.40625,0.4378,-2.3871,-2.4355,0.0484,0.0484
debiased,interior_designer,1,0.324219,0.251953,0.5627,-3.6316,-3.6316,0.0,0.0
debiased,interior_designer,1,0.000103,0.000347,0.228,-2.6984,-2.7143,0.0159,0.0159
debiased,interior_designer,0,3.5e-05,6.8e-05,0.3411,-3.211,-3.2294,0.0183,0.0183
debiased,interior_designer,0,0.081543,0.055908,0.5933,-3.7778,-3.8,0.0222,0.0222
debiased,interior_designer,1,0.296875,0.296875,0.5,-3.25,-3.2632,0.0132,0.0132
debiased,interior_designer,1,0.535156,0.416016,0.5626,-2.1452,-2.129,-0.0161,0.0161
debiased,interior_designer,1,0.080078,0.075684,0.5141,-3.3415,-3.3902,0.0488,0.0488
debiased,interior_designer,0,7.5e-05,0.000103,0.4225,-3.9785,-4.0,0.0215,0.0215
